id,SPORTS
4,"CF.128"
8,"CF.115"
24,"CF.105"
45,"CF.115"
49,"CF.402"
51,"CF.105"
52,"CF.111"
59,"CF.404"
98,"CF.410"
110,"CF.211"
112,"CF.402"
144,"CF.218"
157,"CF.603"
160,"CF.105"
166,"CF.133"
184,"CF.115"
188,"CF.111"
196,"CF.117"
199,"CF.123"
207,"CF.111"
220,"CF.111"
244,"CF.115"
251,"CF.211"
254,"CF.109"
302,"CF.242"
306,"CF.105"
329,"CF.242"
345,"CF.101"
421,"CF.111"
427,"CF.121"
429,"CF.117"
436,"CF.402"
437,"CF.233"
464,"CF.128"
478,"CF.109"
482,"CF.245"
487,"CF.123"
499,"CF.117"
501,"CF.108"
507,"CF.211"
528,"CF.111"
533,"CF.402"
539,"CF.115"
556,"CF.242"
582,"CF.402"
583,"CF.217"
600,"CF.404"
609,"CF.404"
610,"CF.402"
626,"CF.132"
633,"CF.401"
639,"CF.133"
644,"CF.132"
653,"CF.133"
670,"CF.111"
675,"CF.402"
715,"CF.132"
720,"CF.111"
721,"CF.404"
728,"CF.261"
741,"CF.410"
757,"CF.109"
767,"CF.205"
776,"CF.219"
784,"CF.402"
787,"CF.111"
806,"CF.101"
815,"CF.401"
841,"CF.604"
864,"CF.404"
866,"CF.109"
869,"CF.111"
874,"CF.217"
897,"CF.128"
932,"CF.123"
957,"CF.218"
959,"CF.118"
985,"CF.233"
991,"CF.113"
992,"CF.245"
997,"CF.211"
1028,"CF.209"
1064,"CF.245"
1069,"CF.413"
1081,"CF.243"
1086,"CF.135"
1107,"CF.125"
1123,"CF.110"
1164,"CF.117"
1166,"CF.117"
1181,"CF.413"
1190,"CF.242"
1193,"CF.119"
1198,"CF.413"
1215,"CF.413"
1257,"CF.132"
1266,"CF.604"
1286,"CF.111"
1306,"CF.206"
1343,"CF.111"
1346,"CF.602"
1385,"CF.113"
1394,"CF.111"
1415,"CF.604"
1417,"CF.221"
1437,"CF.109"
1439,"CF.242"
1470,"CF.109"
1488,"CF.605"
1493,"CF.124"
1497,"CF.111"
1545,"CF.119"
1546,"CF.119"
1584,"CF.125"
1586,"CF.111"
1590,"CF.401"
1591,"CF.219"
1593,"CF.105"
1615,"CF.602"
1618,"CF.132"
1639,"CF.402"
1644,"CF.108"
1658,"CF.126"
1672,"CF.106"
1702,"CF.115"
1711,"CF.210"
1740,"CF.132"
1799,"CF.123"
1877,"CF.111"
1879,"CF.124"
1883,"CF.604"
1889,"CF.119"
1911,"CF.125"
1918,"CF.604"
1957,"CF.111"
1969,"CF.111"
1970,"CF.125"
1975,"CF.403"
1986,"CF.105"
1991,"CF.403"
1993,"CF.119"
2006,"CF.125"
2079,"CF.413"
2080,"CF.113"
2081,"CF.111"
2105,"CF.242"
2110,"CF.402"
2127,"CF.103"
2130,"CF.111"
2138,"CF.403"
2179,"CF.133"
2195,"CF.213"
2200,"CF.109"
2203,"CF.111"
2219,"CF.106"
2237,"CF.242"
2266,"CF.221"
2273,"CF.111"
2278,"CF.102"
2280,"CF.111"
2286,"CF.233"
2294,"CF.125"
2303,"CF.404"
2317,"CF.402"
2321,"CF.503"
2347,"CF.111"
2353,"CF.261"
2361,"CF.125"
2363,"CF.601"
2385,"CF.242"
2390,"CF.115"
2408,"CF.101"
2467,"CF.604"
2490,"CF.111"
2536,"CF.205"
2548,"CF.132"
2575,"CF.108"
2586,"CF.242"
2592,"CF.242"
2604,"CF.402"
2608,"CF.126"
2610,"CF.413"
2669,"CF.117"
2697,"CF.219"
2706,"CF.109"
2707,"CF.402"
2754,"CF.133"
2767,"CF.420"
2774,"CF.402"
2780,"CF.404"
2782,"CF.108"
2785,"CF.125"
2795,"CF.103"
2798,"CF.420"
2815,"CF.117"
2852,"CF.420"
2870,"CF.401"
2874,"CF.121"
2881,"CF.211"
2899,"CF.125"
2900,"CF.245"
2907,"CF.604"
2910,"CF.206"
2926,"CF.119"
2930,"CF.132"
2931,"CF.604"
2954,"CF.124"
2970,"CF.221"
2980,"CF.250"
2991,"CF.242"
3031,"CF.123"
3040,"CF.111"
3046,"CF.242"
3059,"CF.242"
3072,"CF.242"
3076,"CF.132"
3090,"CF.132"
3091,"CF.123"
3103,"CF.109"
3111,"CF.242"
3117,"CF.129"
3137,"CF.121"
3175,"CF.121"
3204,"CF.132"
3224,"CF.242"
3228,"CF.123"
3233,"CF.129"
3234,"CF.133"
3262,"CF.128"
3265,"CF.119"
3359,"CF.202"
3383,"CF.221"
3386,"CF.221"
3403,"CF.219"
3412,"CF.111"
3423,"CF.105"
3436,"CF.107"
3438,"CF.125"
3445,"CF.403"
3467,"CF.111"
3494,"CF.111"
3495,"CF.111"
3526,"CF.604"
3559,"CF.601"
3562,"CF.245"
3573,"CF.105"
3575,"CF.109"
3590,"CF.206"
3596,"CF.129"
3623,"CF.211"
3626,"CF.101"
3632,"CF.125"
3672,"CF.242"
3711,"CF.114"
3743,"CF.410"
3745,"CF.111"
3751,"CF.242"
3790,"CF.111"
3824,"CF.105"
3831,"CF.125"
3832,"CF.128"
3840,"CF.101"
3860,"CF.402"
3861,"CF.121"
3880,"CF.242"
3882,"CF.117"
3883,"CF.242"
3913,"CF.132"
3918,"CF.106"
3925,"CF.111"
3938,"CF.221"
3947,"CF.101"
3959,"CF.135"
4002,"CF.410"
4015,"CF.402"
4019,"CF.109"
4121,"CF.125"
4131,"CF.410"
4134,"CF.243"
4165,"CF.113"
4170,"CF.211"
4182,"CF.245"
4210,"CF.256"
4228,"CF.134"
4254,"CF.107"
4268,"CF.402"
4269,"CF.132"
4277,"CF.123"
4296,"CF.115"
4317,"CF.111"
4330,"CF.113"
4335,"CF.410"
4342,"CF.242"
4348,"CF.117"
4350,"CF.403"
4381,"CF.109"
4398,"CF.109"
4402,"CF.125"
4413,"CF.124"
4414,"CF.113"
4422,"CF.114"
4436,"CF.137"
4450,"CF.257"
4454,"CF.111"
4475,"CF.105"
4476,"CF.132"
4478,"CF.132"
4491,"CF.132"
4515,"CF.109"
4516,"CF.410"
4521,"CF.245"
4523,"CF.111"
4525,"CF.121"
4533,"CF.134"
4536,"CF.117"
4559,"CF.102"
4571,"CF.221"
4597,"CF.105"
4603,"CF.211"
4605,"CF.124"
4610,"CF.604"
4622,"CF.401"
4625,"CF.111"
4653,"CF.602"
4676,"CF.111"
4692,"CF.242"
4699,"CF.109"
4730,"CF.218"
4733,"CF.111"
4734,"CF.106"
4753,"CF.117"
4757,"CF.402"
4796,"CF.218"
4798,"CF.403"
4811,"CF.123"
4831,"CF.111"
4833,"CF.403"
4837,"CF.111"
4839,"CF.219"
4854,"CF.125"
4879,"CF.133"
4880,"CF.109"
4893,"CF.111"
4894,"CF.242"
4909,"CF.245"
4917,"CF.133"
4919,"CF.602"
4923,"CF.135"
4925,"CF.109"
4926,"CF.242"
4944,"CF.420"
4986,"CF.111"
5009,"CF.109"
5018,"CF.135"
5019,"CF.111"
5041,"CF.219"
5049,"CF.242"
5054,"CF.121"
5057,"CF.119"
5058,"CF.133"
5070,"CF.602"
5086,"CF.106"
5145,"CF.111"
5156,"CF.115"
5160,"CF.119"
5173,"CF.604"
5186,"CF.111"
5193,"CF.604"
5195,"CF.111"
5200,"CF.105"
5203,"CF.604"
5205,"CF.413"
5291,"CF.101"
5295,"CF.101"
5296,"CF.124"
5297,"CF.403"
5303,"CF.134"
5328,"CF.111"
5385,"CF.242"
5402,"CF.123"
5420,"CF.106"
5430,"CF.111"
5433,"CF.212"
5448,"CF.134"
5453,"CF.111"
5483,"CF.604"
5485,"CF.125"
5533,"CF.133"
5534,"CF.133"
5549,"CF.402"
5568,"CF.413"
5572,"CF.125"
5582,"CF.125"
5584,"CF.401"
5617,"CF.413"
5619,"CF.121"
5621,"CF.132"
5622,"CF.245"
5630,"CF.121"
5633,"CF.111"
5634,"CF.133"
5638,"CF.602"
5666,"CF.242"
5698,"CF.245"
5703,"CF.125"
5711,"CF.109"
5729,"CF.117"
5731,"CF.135"
5733,"CF.242"
5750,"CF.267"
5820,"CF.503"
5840,"CF.125"
5849,"CF.111"
5863,"CF.123"
5868,"CF.402"
5875,"CF.111"
5893,"CF.602"
5945,"CF.125"
5984,"CF.233"
6012,"CF.402"
6059,"CF.402"
6076,"CF.105"
6102,"CF.401"
6128,"CF.402"
6131,"CF.111"
6208,"CF.111"
6268,"CF.123"
6287,"CF.111"
6295,"CF.242"
6326,"CF.103"
6341,"CF.604"
6359,"CF.119"
6375,"CF.242"
6385,"CF.133"
6411,"CF.113"
6444,"CF.413"
6459,"CF.133"
6494,"CF.133"
6498,"CF.115"
6552,"CF.123"
6558,"CF.109"
6576,"CF.242"
6632,"CF.133"
6646,"CF.123"
6689,"CF.410"
6695,"CF.133"
6698,"CF.115"
6708,"CF.133"
6709,"CF.108"
6733,"CF.111"
6739,"CF.111"
6745,"CF.245"
6773,"CF.111"
6785,"CF.132"
6815,"CF.125"
6817,"CF.605"
6856,"CF.123"
6873,"CF.413"
6891,"CF.233"
6893,"CF.125"
6926,"CF.115"
6927,"CF.242"
6929,"CF.402"
6937,"CF.105"
6941,"CF.213"
6949,"CF.111"
6961,"CF.401"
6966,"CF.213"
6977,"CF.123"
6998,"CF.242"
7018,"CF.119"
7028,"CF.111"
7030,"CF.115"
7080,"CF.109"
7091,"CF.242"
7116,"CF.105"
7123,"CF.123"
7128,"CF.121"
7148,"CF.132"
7150,"CF.111"
7162,"CF.211"
7165,"CF.111"
7187,"CF.111"
7193,"CF.242"
7221,"CF.242"
7222,"CF.403"
7226,"CF.402"
7236,"CF.213"
7257,"CF.111"
7284,"CF.254"
7300,"CF.101"
7302,"CF.132"
7328,"CF.132"
7332,"CF.132"
7336,"CF.413"
7354,"CF.106"
7369,"CF.132"
7377,"CF.242"
7388,"CF.601"
7394,"CF.125"
7402,"CF.125"
7412,"CF.117"
7418,"CF.109"
7420,"CF.132"
7422,"CF.109"
7464,"CF.252"
7465,"CF.134"
7480,"CF.123"
7490,"CF.111"
7497,"CF.401"
7505,"CF.264"
7533,"CF.128"
7543,"CF.123"
7613,"CF.115"
7614,"CF.111"
7641,"CF.132"
7654,"CF.602"
7658,"CF.604"
7661,"CF.109"
7665,"CF.251"
7679,"CF.404"
7700,"CF.401"
7704,"CF.119"
7726,"CF.119"
7728,"CF.136"
7732,"CF.132"
7746,"CF.605"
7763,"CF.252"
7776,"CF.123"
7826,"CF.410"
7841,"CF.233"
7881,"CF.125"
7885,"CF.105"
7903,"CF.111"
7925,"CF.125"
7930,"CF.242"
7940,"CF.221"
7967,"CF.410"
7976,"CF.420"
8028,"CF.125"
8035,"CF.123"
8039,"CF.233"
8050,"CF.410"
8052,"CF.109"
8080,"CF.103"
8103,"CF.132"
8105,"CF.242"
8106,"CF.111"
8133,"CF.111"
8138,"CF.209"
8162,"CF.119"
8168,"CF.115"
8191,"CF.108"
8201,"CF.127"
8202,"CF.109"
8220,"CF.132"
8244,"CF.134"
8247,"CF.601"
8259,"CF.128"
8265,"CF.245"
8286,"CF.407"
8288,"CF.601"
8289,"CF.132"
8295,"CF.132"
8300,"CF.125"
8301,"CF.128"
8304,"CF.243"
8320,"CF.245"
8332,"CF.202"
8343,"CF.233"
8369,"CF.245"
8375,"CF.604"
8377,"CF.407"
8402,"CF.604"
8414,"CF.604"
8420,"CF.125"
8451,"CF.407"
8472,"CF.212"
8481,"CF.219"
8487,"CF.111"
8518,"CF.132"
8532,"CF.129"
8555,"CF.125"
8588,"CF.111"
8601,"CF.410"
8608,"CF.115"
8619,"CF.402"
8622,"CF.111"
8636,"CF.125"
8640,"CF.402"
8647,"CF.119"
8648,"CF.218"
8679,"CF.209"
8699,"CF.242"
8706,"CF.242"
8714,"CF.205"
8726,"CF.251"
8736,"CF.111"
8752,"CF.123"
8771,"CF.109"
8822,"CF.123"
8823,"CF.242"
8827,"CF.402"
8838,"CF.109"
8855,"CF.109"
8873,"CF.109"
8878,"CF.111"
8884,"CF.604"
8898,"CF.122"
8909,"CF.210"
8924,"CF.132"
8944,"CF.402"
8959,"CF.501"
8963,"CF.410"
8966,"CF.132"
9019,"CF.245"
9022,"CF.123"
9028,"CF.242"
9029,"CF.245"
9035,"CF.206"
9049,"CF.501"
9064,"CF.417"
9099,"CF.111"
9109,"CF.251"
9117,"CF.101"
9131,"CF.212"
9145,"CF.410"
9146,"CF.252"
9147,"CF.242"
9181,"CF.221"
9183,"CF.123"
9229,"CF.132"
9232,"CF.243"
9339,"CF.417"
9350,"CF.134"
9354,"CF.101"
9396,"CF.125"
9455,"CF.604"
9556,"CF.410"
9583,"CF.603"
9592,"CF.125"
9613,"CF.125"
9639,"CF.133"
9664,"CF.115"
9673,"CF.410"
9674,"CF.134"
9679,"CF.123"
9693,"CF.124"
9698,"CF.249"
9699,"CF.402"
9751,"CF.125"
9777,"CF.601"
9785,"CF.603"
9795,"CF.108"
9822,"CF.242"
9841,"CF.125"
9844,"CF.601"
9861,"CF.119"
9889,"CF.245"
9907,"CF.123"
9913,"CF.124"
9960,"CF.601"
10002,"CF.410"
10040,"CF.132"
10042,"CF.119"
10049,"CF.602"
10061,"CF.128"
10127,"CF.102"
10134,"CF.128"
10168,"CF.410"
10181,"CF.261"
10185,"CF.249"
10191,"CF.413"
10196,"CF.245"
10213,"CF.221"
10260,"CF.111"
10271,"CF.245"
10274,"CF.113"
10294,"CF.111"
10298,"CF.410"
10300,"CF.111"
10320,"CF.417"
10351,"CF.101"
10355,"CF.105"
10394,"CF.221"
10473,"CF.123"
10486,"CF.111"
10488,"CF.602"
10490,"CF.123"
10516,"CF.101"
10519,"CF.136"
10546,"CF.134"
10548,"CF.123"
10551,"CF.233"
10562,"CF.213"
10565,"CF.110"
10577,"CF.602"
10586,"CF.202"
10643,"CF.221"
10666,"CF.109"
10669,"CF.604"
10675,"CF.245"
10690,"CF.105"
10692,"CF.109"
10720,"CF.604"
10762,"CF.111"
10767,"CF.111"
10809,"CF.110"
10810,"CF.402"
10835,"CF.123"
10839,"CF.128"
10842,"CF.402"
10863,"CF.115"
10873,"CF.245"
10885,"CF.114"
10889,"CF.128"
10908,"CF.221"
10933,"CF.413"
10937,"CF.128"
10947,"CF.124"
10954,"CF.119"
10959,"CF.111"
10962,"CF.111"
10997,"CF.125"
11034,"CF.109"
11036,"CF.602"
11038,"CF.105"
11045,"CF.403"
11052,"CF.403"
11076,"CF.123"
11098,"CF.113"
11107,"CF.106"
11134,"CF.413"
11140,"CF.115"
11147,"CF.111"
11178,"CF.245"
11225,"CF.402"
11226,"CF.602"
11229,"CF.124"
11246,"CF.108"
11266,"CF.602"
11300,"CF.602"
11304,"CF.602"
11320,"CF.111"
11333,"CF.604"
11339,"CF.218"
11358,"CF.604"
11365,"CF.123"
11397,"CF.261"
11404,"CF.111"
11415,"CF.105"
11444,"CF.105"
11453,"CF.402"
11461,"CF.126"
11472,"CF.124"
11473,"CF.132"
11474,"CF.101"
11503,"CF.111"
11521,"CF.119"
11569,"CF.211"
11580,"CF.402"
11589,"CF.105"
11594,"CF.133"
11596,"CF.413"
11668,"CF.109"
11675,"CF.242"
11677,"CF.133"
11696,"CF.242"
11707,"CF.413"
11711,"CF.111"
11716,"CF.212"
11740,"CF.133"
11748,"CF.404"
11759,"CF.111"
11767,"CF.258"
11781,"CF.129"
11835,"CF.402"
11841,"CF.115"
11854,"CF.242"
11860,"CF.134"
11876,"CF.413"
11881,"CF.125"
11885,"CF.249"
11892,"CF.249"
11914,"CF.413"
11940,"CF.102"
11986,"CF.108"
11994,"CF.245"
12003,"CF.124"
12006,"CF.111"
12015,"CF.123"
12059,"CF.420"
12067,"CF.117"
12083,"CF.242"
12116,"CF.123"
12125,"CF.402"
12138,"CF.109"
12162,"CF.119"
12182,"CF.108"
12189,"CF.402"
12211,"CF.233"
12212,"CF.402"
12246,"CF.403"
12262,"CF.413"
12271,"CF.202"
12272,"CF.108"
12278,"CF.115"
12290,"CF.601"
12291,"CF.103"
12300,"CF.125"
12317,"CF.133"
12325,"CF.407"
12348,"CF.201"
12362,"CF.604"
12370,"CF.117"
12397,"CF.111"
12420,"CF.125"
12436,"CF.124"
12461,"CF.109"
12512,"CF.402"
12563,"CF.123"
12573,"CF.205"
12578,"CF.201"
12591,"CF.233"
12602,"CF.111"
12611,"CF.133"
12651,"CF.115"
12652,"CF.105"
12696,"CF.134"
12726,"CF.117"
12728,"CF.123"
12739,"CF.111"
12767,"CF.109"
12791,"CF.402"
12792,"CF.604"
12806,"CF.126"
12812,"CF.109"
12839,"CF.420"
12844,"CF.604"
12857,"CF.413"
12892,"CF.132"
12924,"CF.604"
12925,"CF.132"
12939,"CF.123"
12946,"CF.420"
12947,"CF.134"
12949,"CF.105"
12960,"CF.111"
12964,"CF.134"
12967,"CF.109"
12970,"CF.252"
12975,"CF.115"
13028,"CF.604"
13040,"CF.249"
13056,"CF.111"
13062,"CF.601"
13089,"CF.129"
13104,"CF.111"
13116,"CF.128"
13127,"CF.245"
13128,"CF.132"
13163,"CF.133"
13179,"CF.221"
13180,"CF.402"
13183,"CF.221"
13192,"CF.242"
13206,"CF.604"
13225,"CF.123"
13248,"CF.402"
13260,"CF.128"
13263,"CF.121"
13268,"CF.603"
13283,"CF.402"
13322,"CF.210"
13324,"CF.137"
13325,"CF.109"
13336,"CF.604"
13343,"CF.123"
13355,"CF.402"
13367,"CF.119"
13399,"CF.503"
13444,"CF.415"
13463,"CF.113"
13479,"CF.413"
13510,"CF.119"
13520,"CF.503"
13529,"CF.233"
13538,"CF.119"
13539,"CF.134"
13552,"CF.233"
13620,"CF.233"
13661,"CF.111"
13667,"CF.123"
13672,"CF.402"
13686,"CF.503"
13692,"CF.111"
13698,"CF.107"
13704,"CF.233"
13724,"CF.218"
13766,"CF.111"
13804,"CF.111"
13806,"CF.413"
13847,"CF.604"
13848,"CF.218"
13851,"CF.221"
13860,"CF.127"
13914,"CF.133"
13917,"CF.123"
13918,"CF.111"
13934,"CF.123"
13942,"CF.245"
13994,"CF.413"
14000,"CF.109"
14018,"CF.601"
14033,"CF.133"
14042,"CF.111"
14049,"CF.219"
14070,"CF.111"
14078,"CF.115"
14081,"CF.125"
14100,"CF.115"
14111,"CF.105"
14132,"CF.604"
14158,"CF.402"
14160,"CF.121"
14161,"CF.218"
14178,"CF.103"
14181,"CF.105"
14190,"CF.111"
14199,"CF.107"
14200,"CF.245"
14220,"CF.211"
14221,"CF.601"
14237,"CF.128"
14285,"CF.132"
14312,"CF.107"
14329,"CF.402"
14342,"CF.410"
14350,"CF.242"
14357,"CF.103"
14370,"CF.111"
14379,"CF.402"
14402,"CF.242"
14430,"CF.125"
14436,"CF.242"
14437,"CF.134"
14457,"CF.111"
14486,"CF.119"
14526,"CF.103"
14547,"CF.132"
14568,"CF.111"
14578,"CF.117"
14581,"CF.109"
14587,"CF.125"
14622,"CF.242"
14671,"CF.111"
14685,"CF.420"
14693,"CF.256"
14696,"CF.125"
14703,"CF.233"
14750,"CF.133"
14755,"CF.202"
14766,"CF.604"
14808,"CF.125"
14818,"CF.125"
14827,"CF.134"
14835,"CF.418"
14840,"CF.604"
14850,"CF.242"
14858,"CF.252"
14867,"CF.413"
14881,"CF.111"
14889,"CF.111"
14949,"CF.111"
14956,"CF.407"
14986,"CF.420"
14993,"CF.112"
15002,"CF.242"
15005,"CF.403"
15010,"CF.402"
15016,"CF.134"
15017,"CF.133"
15033,"CF.115"
15041,"CF.410"
15075,"CF.109"
15103,"CF.133"
15129,"CF.111"
15166,"CF.604"
15178,"CF.245"
15181,"CF.115"
15220,"CF.218"
15258,"CF.403"
15261,"CF.111"
15279,"CF.105"
15285,"CF.420"
15321,"CF.245"
15322,"CF.111"
15326,"CF.245"
15344,"CF.101"
15367,"CF.123"
15376,"CF.111"
15378,"CF.111"
15416,"CF.128"
15417,"CF.128"
15428,"CF.403"
15462,"CF.413"
15472,"CF.403"
15502,"CF.111"
15503,"CF.403"
15520,"CF.111"
15532,"CF.111"
15551,"CF.410"
15584,"CF.109"
15593,"CF.420"
15600,"CF.107"
15619,"CF.111"
15636,"CF.115"
15641,"CF.245"
15645,"CF.111"
15646,"CF.111"
15652,"CF.111"
15654,"CF.111"
15668,"CF.211"
15669,"CF.123"
15677,"CF.101"
15703,"CF.123"
15704,"CF.221"
15710,"CF.111"
15729,"CF.413"
15773,"CF.124"
15788,"CF.202"
15809,"CF.403"
15821,"CF.403"
15823,"CF.602"
15849,"CF.221"
15865,"CF.111"
15870,"CF.111"
15873,"CF.201"
15900,"CF.115"
15905,"CF.109"
15908,"CF.119"
15940,"CF.123"
15947,"CF.101"
15953,"CF.245"
15962,"CF.128"
15968,"CF.602"
15971,"CF.106"
15975,"CF.403"
15976,"CF.420"
16023,"CF.133"
16060,"CF.103"
16063,"CF.267"
16065,"CF.134"
16079,"CF.604"
16092,"CF.111"
16094,"CF.413"
16101,"CF.605"
16106,"CF.109"
16112,"CF.111"
16119,"CF.103"
16123,"CF.115"
16125,"CF.133"
16132,"CF.119"
16136,"CF.111"
16143,"CF.111"
16151,"CF.402"
16152,"CF.212"
16166,"CF.111"
16173,"CF.123"
16191,"CF.123"
16213,"CF.403"
16231,"CF.115"
16235,"CF.111"
16275,"CF.242"
16299,"CF.111"
16301,"CF.133"
16331,"CF.118"
16341,"CF.107"
16367,"CF.125"
16378,"CF.123"
16405,"CF.111"
16439,"CF.111"
16446,"CF.134"
16461,"CF.103"
16492,"CF.110"
16499,"CF.134"
16510,"CF.132"
16511,"CF.115"
16519,"CF.111"
16525,"CF.123"
16529,"CF.242"
16531,"CF.220"
16536,"CF.133"
16561,"CF.133"
16611,"CF.109"
16614,"CF.245"
16615,"CF.402"
16623,"CF.242"
16626,"CF.115"
16686,"CF.109"
16701,"CF.124"
16705,"CF.119"
16714,"CF.132"
16741,"CF.126"
16756,"CF.133"
16757,"CF.115"
16768,"CF.123"
16769,"CF.219"
16787,"CF.213"
16823,"CF.605"
16838,"CF.109"
16840,"CF.221"
16845,"CF.111"
16857,"CF.123"
16868,"CF.115"
16879,"CF.602"
16899,"CF.111"
16908,"CF.111"
16917,"CF.261"
16927,"CF.109"
16958,"CF.111"
16971,"CF.101"
16975,"CF.125"
17051,"CF.123"
17058,"CF.503"
17060,"CF.604"
17062,"CF.137"
17106,"CF.604"
17109,"CF.124"
17130,"CF.123"
17142,"CF.111"
17172,"CF.404"
17212,"CF.121"
17298,"CF.133"
17353,"CF.245"
17355,"CF.123"
17357,"CF.123"
17381,"CF.123"
17392,"CF.111"
17468,"CF.111"
17482,"CF.403"
17489,"CF.111"
17490,"CF.123"
17538,"CF.111"
17565,"CF.117"
17610,"CF.115"
17634,"CF.109"
17635,"CF.402"
17636,"CF.115"
17641,"CF.124"
17646,"CF.111"
17670,"CF.401"
17676,"CF.402"
17677,"CF.402"
17689,"CF.211"
17695,"CF.109"
17702,"CF.407"
17709,"CF.211"
17720,"CF.133"
17732,"CF.602"
17743,"CF.102"
17766,"CF.402"
17767,"CF.242"
17789,"CF.211"
17791,"CF.403"
17797,"CF.242"
17798,"CF.123"
17804,"CF.132"
17813,"CF.111"
17816,"CF.413"
17828,"CF.242"
17836,"CF.402"
17837,"CF.209"
17844,"CF.111"
17856,"CF.245"
17888,"CF.242"
17890,"CF.109"
17900,"CF.134"
17931,"CF.111"
17936,"CF.604"
17937,"CF.233"
17952,"CF.111"
17964,"CF.119"
17965,"CF.105"
17995,"CF.134"
17998,"CF.401"
18001,"CF.126"
18034,"CF.233"
18040,"CF.211"
18053,"CF.116"
18066,"CF.105"
18076,"CF.101"
18089,"CF.132"
18100,"CF.129"
18102,"CF.129"
18122,"CF.213"
18140,"CF.261"
18153,"CF.111"
18170,"CF.103"
18172,"CF.242"
18173,"CF.111"
18187,"CF.242"
18237,"CF.242"
18238,"CF.127"
18271,"CF.402"
18277,"CF.115"
18279,"CF.103"
18281,"CF.111"
18309,"CF.604"
18314,"CF.115"
18324,"CF.129"
18343,"CF.242"
18351,"CF.402"
18353,"CF.111"
18359,"CF.401"
18373,"CF.245"
18387,"CF.211"
18392,"CF.413"
18398,"CF.242"
18407,"CF.134"
18462,"CF.420"
18473,"CF.115"
18498,"CF.115"
18501,"CF.111"
18535,"CF.402"
18545,"CF.111"
18569,"CF.115"
18589,"CF.403"
18597,"CF.105"
18618,"CF.123"
18640,"CF.111"
18642,"CF.101"
18651,"CF.111"
18655,"CF.108"
18673,"CF.133"
18678,"CF.128"
18685,"CF.210"
18689,"CF.105"
18755,"CF.132"
18791,"CF.115"
18794,"CF.115"
18830,"CF.111"
18883,"CF.245"
18885,"CF.119"
18893,"CF.134"
18894,"CF.111"
18938,"CF.125"
18946,"CF.109"
19018,"CF.107"
19044,"CF.125"
19090,"CF.218"
19100,"CF.126"
19118,"CF.245"
19139,"CF.107"
19145,"CF.132"
19157,"CF.125"
19160,"CF.233"
19168,"CF.105"
19188,"CF.124"
19221,"CF.132"
19233,"CF.135"
19253,"CF.111"
19280,"CF.101"
19292,"CF.119"
19293,"CF.109"
19349,"CF.117"
19363,"CF.102"
19371,"CF.402"
19378,"CF.403"
19386,"CF.242"
19388,"CF.403"
19392,"CF.604"
19416,"CF.111"
19417,"CF.111"
19420,"CF.103"
19435,"CF.109"
19436,"CF.402"
19440,"CF.111"
19449,"CF.115"
19451,"CF.115"
19463,"CF.403"
19468,"CF.105"
19471,"CF.602"
19473,"CF.111"
19477,"CF.106"
19479,"CF.413"
19507,"CF.107"
19514,"CF.125"
19528,"CF.132"
19535,"CF.420"
19554,"CF.128"
19576,"CF.123"
19691,"CF.110"
19706,"CF.604"
19737,"CF.132"
19740,"CF.413"
19741,"CF.109"
19753,"CF.402"
19754,"CF.402"
19777,"CF.124"
19784,"CF.101"
19795,"CF.420"
19802,"CF.111"
19823,"CF.221"
19844,"CF.245"
19852,"CF.420"
19860,"CF.111"
19900,"CF.413"
19936,"CF.123"
19954,"CF.605"
19989,"CF.123"
19991,"CF.101"
20001,"CF.115"
20003,"CF.111"
20011,"CF.109"
20022,"CF.115"
20062,"CF.126"
20075,"CF.133"
20081,"CF.132"
20087,"CF.420"
20088,"CF.601"
20102,"CF.111"
20108,"CF.111"
20133,"CF.602"
20137,"CF.136"
20148,"CF.410"
20217,"CF.123"
20247,"CF.413"
20249,"CF.245"
20264,"CF.108"
20281,"CF.128"
20306,"CF.115"
20364,"CF.402"
20384,"CF.111"
20422,"CF.128"
20431,"CF.218"
20480,"CF.602"
20517,"CF.218"
20519,"CF.111"
20568,"CF.123"
20599,"CF.410"
20619,"CF.403"
20631,"CF.410"
20662,"CF.242"
20675,"CF.105"
20681,"CF.111"
20711,"CF.403"
20739,"CF.403"
20752,"CF.111"
20795,"CF.206"
20798,"CF.403"
20812,"CF.413"
20821,"CF.601"
20831,"CF.403"
20851,"CF.111"
20855,"CF.132"
20864,"CF.407"
20896,"CF.127"
20901,"CF.410"
20907,"CF.117"
20926,"CF.242"
20935,"CF.126"
20976,"CF.111"
20979,"CF.601"
20989,"CF.403"
20992,"CF.403"
20994,"CF.410"
21001,"CF.242"
21009,"CF.257"
21015,"CF.105"
21018,"CF.129"
21024,"CF.128"
21066,"CF.403"
21072,"CF.114"
21092,"CF.410"
21097,"CF.111"
21115,"CF.410"
21116,"CF.108"
21124,"CF.407"
21127,"CF.407"
21155,"CF.261"
21169,"CF.402"
21188,"CF.111"
21193,"CF.111"
21213,"CF.109"
21217,"CF.111"
21237,"CF.117"
21244,"CF.218"
21248,"CF.221"
21256,"CF.221"
21273,"CF.245"
21298,"CF.125"
21305,"CF.261"
21325,"CF.604"
21357,"CF.402"
21369,"CF.413"
21376,"CF.413"
21377,"CF.118"
21384,"CF.133"
21413,"CF.115"
21457,"CF.256"
21485,"CF.413"
21489,"CF.402"
21498,"CF.219"
21507,"CF.125"
21529,"CF.123"
21557,"CF.242"
21569,"CF.136"
21570,"CF.115"
21610,"CF.128"
21649,"CF.106"
21658,"CF.125"
21672,"CF.242"
21693,"CF.413"
21704,"CF.119"
21709,"CF.115"
21730,"CF.242"
21748,"CF.109"
21761,"CF.403"
21787,"CF.601"
21801,"CF.109"
21813,"CF.132"
21815,"CF.115"
21836,"CF.122"
21850,"CF.221"
21851,"CF.123"
21855,"CF.402"
21897,"CF.111"
21946,"CF.420"
21950,"CF.111"
21958,"CF.111"
21974,"CF.111"
21982,"CF.127"
21998,"CF.111"
22008,"CF.101"
22017,"CF.206"
22031,"CF.125"
22042,"CF.135"
22104,"CF.113"
22106,"CF.206"
22112,"CF.402"
22161,"CF.601"
22179,"CF.123"
22188,"CF.402"
22209,"CF.261"
22211,"CF.132"
22238,"CF.404"
22245,"CF.404"
22259,"CF.219"
22283,"CF.402"
22284,"CF.132"
22292,"CF.402"
22309,"CF.107"
22339,"CF.123"
22351,"CF.109"
22365,"CF.133"
22372,"CF.123"
22380,"CF.242"
22396,"CF.111"
22413,"CF.402"
22421,"CF.249"
22440,"CF.245"
22453,"CF.402"
22456,"CF.221"
22480,"CF.124"
22481,"CF.219"
22502,"CF.126"
22511,"CF.242"
22512,"CF.109"
22523,"CF.249"
22527,"CF.254"
22532,"CF.111"
22551,"CF.125"
22554,"CF.111"
22556,"CF.201"
22566,"CF.131"
22589,"CF.403"
22595,"CF.221"
22605,"CF.245"
22607,"CF.211"
22622,"CF.413"
22623,"CF.123"
22624,"CF.501"
22669,"CF.111"
22681,"CF.103"
22732,"CF.402"
22753,"CF.602"
22777,"CF.111"
22801,"CF.402"
22812,"CF.413"
22814,"CF.404"
22832,"CF.242"
22839,"CF.126"
22844,"CF.123"
22850,"CF.261"
22853,"CF.404"
22862,"CF.604"
22866,"CF.133"
22874,"CF.404"
22893,"CF.117"
22903,"CF.404"
22925,"CF.209"
22929,"CF.125"
22935,"CF.134"
22963,"CF.111"
22968,"CF.111"
22983,"CF.109"
22999,"CF.410"
23020,"CF.119"
23040,"CF.404"
23043,"CF.410"
23044,"CF.243"
23069,"CF.111"
23106,"CF.109"
23125,"CF.211"
23145,"CF.410"
23193,"CF.413"
23231,"CF.125"
23236,"CF.601"
23283,"CF.111"
23320,"CF.109"
23326,"CF.601"
23327,"CF.410"
23330,"CF.119"
23340,"CF.123"
23350,"CF.245"
23354,"CF.123"
23364,"CF.204"
23381,"CF.132"
23399,"CF.117"
23411,"CF.126"
23424,"CF.111"
23425,"CF.402"
23427,"CF.402"
23456,"CF.133"
23486,"CF.402"
23504,"CF.111"
23514,"CF.123"
23516,"CF.403"
23539,"CF.212"
23541,"CF.123"
23544,"CF.410"
23553,"CF.132"
23560,"CF.111"
23568,"CF.121"
23613,"CF.109"
23641,"CF.123"
23643,"CF.115"
23664,"CF.123"
23699,"CF.125"
23712,"CF.111"
23715,"CF.103"
23718,"CF.109"
23722,"CF.135"
23725,"CF.123"
23730,"CF.111"
23733,"CF.136"
23737,"CF.123"
23747,"CF.404"
23759,"CF.132"
23766,"CF.126"
23798,"CF.402"
23807,"CF.417"
23817,"CF.109"
23820,"CF.248"
23822,"CF.123"
23824,"CF.111"
23838,"CF.405"
23861,"CF.218"
23877,"CF.404"
23909,"CF.402"
23927,"CF.111"
23932,"CF.123"
23953,"CF.402"
23982,"CF.218"
23984,"CF.125"
23987,"CF.123"
23988,"CF.221"
24004,"CF.242"
24018,"CF.109"
24031,"CF.410"
24038,"CF.125"
24042,"CF.111"
24061,"CF.115"
24075,"CF.105"
24101,"CF.133"
24121,"CF.125"
24131,"CF.128"
24161,"CF.119"
24176,"CF.242"
24199,"CF.129"
24202,"CF.242"
24217,"CF.501"
24234,"CF.402"
24248,"CF.109"
24258,"CF.404"
24273,"CF.135"
24290,"CF.402"
24302,"CF.125"
24306,"CF.248"
24307,"CF.115"
24324,"CF.402"
24344,"CF.128"
24347,"CF.111"
24349,"CF.117"
24361,"CF.402"
24366,"CF.125"
24396,"CF.133"
24402,"CF.117"
24453,"CF.111"
24458,"CF.402"
24464,"CF.204"
24478,"CF.132"
24509,"CF.118"
24553,"CF.242"
24554,"CF.133"
24560,"CF.117"
24563,"CF.242"
24567,"CF.133"
24574,"CF.127"
24575,"CF.133"
24579,"CF.410"
24581,"CF.243"
24582,"CF.221"
24605,"CF.123"
24624,"CF.602"
24640,"CF.103"
24654,"CF.125"
24696,"CF.133"
24709,"CF.117"
24711,"CF.604"
24733,"CF.109"
24751,"CF.407"
24753,"CF.602"
24758,"CF.133"
24760,"CF.401"
24772,"CF.410"
24804,"CF.402"
24805,"CF.404"
24808,"CF.219"
24824,"CF.135"
24830,"CF.242"
24844,"CF.601"
24850,"CF.123"
24906,"CF.111"
24921,"CF.205"
24990,"CF.405"
25012,"CF.221"
25013,"CF.123"
25037,"CF.417"
25046,"CF.210"
25057,"CF.249"
25077,"CF.109"
25113,"CF.604"
25117,"CF.109"
25119,"CF.420"
25120,"CF.242"
25125,"CF.603"
25138,"CF.132"
25160,"CF.132"
25167,"CF.242"
25184,"CF.604"
25197,"CF.604"
25201,"CF.122"
25239,"CF.242"
25290,"CF.221"
25315,"CF.410"
25321,"CF.206"
25331,"CF.126"
25347,"CF.111"
25352,"CF.404"
25359,"CF.136"
25385,"CF.402"
25387,"CF.133"
25399,"CF.123"
25400,"CF.115"
25412,"CF.249"
25421,"CF.132"
25445,"CF.105"
25449,"CF.245"
25472,"CF.245"
25502,"CF.218"
25505,"CF.133"
25512,"CF.133"
25525,"CF.407"
25526,"CF.216"
25536,"CF.113"
25543,"CF.245"
25566,"CF.133"
25568,"CF.133"
25591,"CF.133"
25611,"CF.245"
25658,"CF.123"
25681,"CF.123"
25684,"CF.245"
25685,"CF.242"
25693,"CF.111"
25700,"CF.123"
25705,"CF.111"
25707,"CF.233"
25712,"CF.402"
25732,"CF.123"
25737,"CF.111"
25744,"CF.404"
25749,"CF.109"
25757,"CF.245"
25761,"CF.109"
25766,"CF.233"
25767,"CF.111"
25801,"CF.119"
25822,"CF.119"
25825,"CF.133"
25826,"CF.402"
25842,"CF.117"
25852,"CF.242"
25857,"CF.123"
25878,"CF.111"
25883,"CF.111"
25892,"CF.119"
25895,"CF.233"
25923,"CF.126"
25930,"CF.119"
25963,"CF.219"
25976,"CF.243"
25991,"CF.103"
26007,"CF.123"
26011,"CF.413"
26029,"CF.245"
26039,"CF.133"
26043,"CF.413"
26054,"CF.117"
26077,"CF.218"
26086,"CF.402"
26088,"CF.121"
26100,"CF.111"
26110,"CF.242"
26140,"CF.132"
26142,"CF.111"
26145,"CF.132"
26177,"CF.402"
26181,"CF.109"
26182,"CF.222"
26201,"CF.405"
26248,"CF.109"
26254,"CF.601"
26266,"CF.402"
26277,"CF.117"
26309,"CF.604"
26335,"CF.123"
26343,"CF.132"
26347,"CF.403"
26359,"CF.602"
26370,"CF.132"
26392,"CF.103"
26420,"CF.413"
26451,"CF.123"
26452,"CF.122"
26466,"CF.116"
26469,"CF.123"
26471,"CF.133"
26487,"CF.417"
26495,"CF.249"
26496,"CF.115"
26505,"CF.601"
26537,"CF.132"
26544,"CF.105"
26546,"CF.132"
26568,"CF.403"
26570,"CF.254"
26576,"CF.133"
26578,"CF.111"
26584,"CF.202"
26586,"CF.402"
26592,"CF.111"
26596,"CF.111"
26609,"CF.242"
26611,"CF.402"
26618,"CF.413"
26645,"CF.103"
26655,"CF.115"
26658,"CF.233"
26675,"CF.111"
26692,"CF.109"
26702,"CF.242"
26703,"CF.132"
26715,"CF.402"
26735,"CF.111"
26756,"CF.109"
26783,"CF.413"
26800,"CF.218"
26801,"CF.115"
26814,"CF.413"
26818,"CF.105"
26843,"CF.420"
26887,"CF.249"
26890,"CF.115"
26943,"CF.254"
26981,"CF.221"
26994,"CF.111"
27000,"CF.129"
27002,"CF.209"
27013,"CF.103"
27023,"CF.115"
27031,"CF.101"
27057,"CF.109"
27089,"CF.206"
27096,"CF.137"
27122,"CF.135"
27134,"CF.128"
27139,"CF.122"
27142,"CF.111"
27191,"CF.124"
27201,"CF.111"
27248,"CF.132"
27278,"CF.123"
27283,"CF.129"
27284,"CF.125"
27304,"CF.241"
27316,"CF.105"
27352,"CF.129"
27373,"CF.245"
27412,"CF.128"
27416,"CF.132"
27436,"CF.604"
27471,"CF.109"
27472,"CF.129"
27474,"CF.133"
27489,"CF.403"
27499,"CF.113"
27501,"CF.402"
27547,"CF.111"
27548,"CF.123"
27553,"CF.410"
27606,"CF.503"
27609,"CF.413"
27630,"CF.115"
27632,"CF.111"
27635,"CF.219"
27636,"CF.133"
27641,"CF.111"
27643,"CF.111"
27650,"CF.135"
27651,"CF.111"
27660,"CF.245"
27662,"CF.109"
27697,"CF.133"
27700,"CF.105"
27701,"CF.132"
27704,"CF.111"
27718,"CF.249"
27732,"CF.123"
27754,"CF.402"
27777,"CF.129"
27789,"CF.125"
27794,"CF.402"
27803,"CF.103"
27841,"CF.402"
27854,"CF.250"
27857,"CF.261"
27878,"CF.604"
27891,"CF.103"
27905,"CF.111"
27939,"CF.111"
27960,"CF.403"
27961,"CF.115"
27976,"CF.212"
27995,"CF.133"
28022,"CF.245"
28047,"CF.402"
28058,"CF.127"
28081,"CF.111"
28093,"CF.410"
28108,"CF.133"
28128,"CF.111"
28138,"CF.111"
28139,"CF.111"
28149,"CF.115"
28166,"CF.242"
28169,"CF.402"
28196,"CF.132"
28206,"CF.132"
28207,"CF.115"
28212,"CF.241"
28225,"CF.105"
28249,"CF.221"
28252,"CF.127"
28291,"CF.133"
28305,"CF.111"
28316,"CF.212"
28335,"CF.134"
28337,"CF.102"
28338,"CF.111"
28383,"CF.121"
28407,"CF.109"
28457,"CF.222"
28483,"CF.121"
28485,"CF.132"
28492,"CF.126"
28494,"CF.134"
28499,"CF.102"
28531,"CF.405"
28539,"CF.136"
28549,"CF.245"
28551,"CF.404"
28556,"CF.119"
28573,"CF.221"
28575,"CF.123"
28587,"CF.133"
28618,"CF.109"
28628,"CF.501"
28631,"CF.404"
28646,"CF.132"
28670,"CF.242"
28674,"CF.242"
28678,"CF.237"
28682,"CF.212"
28690,"CF.402"
28693,"CF.111"
28717,"CF.604"
28730,"CF.249"
28737,"CF.123"
28769,"CF.403"
28771,"CF.245"
28774,"CF.132"
28791,"CF.601"
28804,"CF.602"
28813,"CF.105"
28820,"CF.604"
28837,"CF.115"
28841,"CF.243"
28853,"CF.217"
28858,"CF.103"
28876,"CF.111"
28878,"CF.101"
28890,"CF.402"
28892,"CF.242"
28929,"CF.133"
28944,"CF.133"
28960,"CF.134"
28971,"CF.111"
29001,"CF.101"
29037,"CF.123"
29045,"CF.205"
29062,"CF.125"
29065,"CF.402"
29096,"CF.402"
29105,"CF.105"
29115,"CF.126"
29123,"CF.133"
29159,"CF.128"
29203,"CF.125"
29218,"CF.218"
29236,"CF.601"
29362,"CF.123"
29421,"CF.221"
29434,"CF.110"
29446,"CF.604"
29456,"CF.119"
29494,"CF.131"
29502,"CF.245"
29530,"CF.245"
29541,"CF.402"
29566,"CF.138"
29567,"CF.133"
29625,"CF.109"
29650,"CF.402"
29723,"CF.125"
29729,"CF.245"
29744,"CF.128"
29757,"CF.123"
29769,"CF.103"
29781,"CF.115"
29801,"CF.125"
29827,"CF.242"
29860,"CF.228"
29864,"CF.242"
29869,"CF.111"
29883,"CF.111"
29892,"CF.249"
29932,"CF.111"
29942,"CF.133"
29943,"CF.245"
29945,"CF.242"
30008,"CF.242"
30013,"CF.228"
30045,"CF.257"
30051,"CF.123"
30066,"CF.219"
30074,"CF.267"
30079,"CF.124"
30080,"CF.212"
30088,"CF.404"
30109,"CF.111"
30113,"CF.403"
30124,"CF.221"
30127,"CF.245"
30141,"CF.242"
30162,"CF.117"
30264,"CF.220"
30265,"CF.107"
30267,"CF.402"
30283,"CF.109"
30290,"CF.135"
30294,"CF.212"
30304,"CF.113"
30317,"CF.601"
30324,"CF.124"
30325,"CF.108"
30329,"CF.117"
30345,"CF.123"
30351,"CF.105"
30369,"CF.218"
30375,"CF.109"
30394,"CF.111"
30414,"CF.123"
30440,"CF.111"
30455,"CF.119"
30472,"CF.218"
30493,"CF.602"
30499,"CF.267"
30526,"CF.604"
30546,"CF.109"
30555,"CF.109"
30557,"CF.111"
30561,"CF.602"
30567,"CF.402"
30578,"CF.105"
30586,"CF.245"
30587,"CF.105"
30615,"CF.402"
30617,"CF.413"
30637,"CF.111"
30645,"CF.111"
30651,"CF.111"
30662,"CF.413"
30664,"CF.602"
30665,"CF.115"
30673,"CF.136"
30695,"CF.128"
30717,"CF.242"
30719,"CF.111"
30720,"CF.103"
30725,"CF.129"
30743,"CF.115"
30759,"CF.124"
30763,"CF.402"
30768,"CF.402"
30778,"CF.105"
30786,"CF.602"
30811,"CF.111"
30821,"CF.111"
30827,"CF.124"
30859,"CF.111"
30862,"CF.111"
30889,"CF.109"
30904,"CF.111"
30909,"CF.103"
30947,"CF.404"
30949,"CF.123"
30951,"CF.249"
30992,"CF.103"
31058,"CF.604"
31063,"CF.221"
31108,"CF.404"
31114,"CF.119"
31120,"CF.111"
31131,"CF.123"
31136,"CF.402"
31137,"CF.119"
31141,"CF.111"
31145,"CF.128"
31149,"CF.404"
31186,"CF.402"
31219,"CF.601"
31242,"CF.217"
31265,"CF.115"
31296,"CF.602"
31307,"CF.111"
31320,"CF.266"
31325,"CF.403"
31331,"CF.218"
31337,"CF.602"
31345,"CF.402"
31347,"CF.111"
31356,"CF.245"
31374,"CF.126"
31403,"CF.103"
31406,"CF.111"
31407,"CF.413"
31410,"CF.111"
31428,"CF.134"
31430,"CF.206"
31433,"CF.132"
31435,"CF.113"
31445,"CF.134"
31448,"CF.111"
31450,"CF.129"
31454,"CF.106"
31456,"CF.602"
31470,"CF.249"
31471,"CF.245"
31488,"CF.402"
31493,"CF.128"
31501,"CF.129"
31510,"CF.604"
31516,"CF.117"
31528,"CF.127"
31544,"CF.413"
31554,"CF.109"
31555,"CF.111"
31603,"CF.119"
31607,"CF.210"
31622,"CF.245"
31626,"CF.204"
31627,"CF.402"
31632,"CF.402"
31635,"CF.111"
31657,"CF.115"
31676,"CF.218"
31684,"CF.402"
31701,"CF.249"
31712,"CF.105"
31721,"CF.405"
31723,"CF.111"
31725,"CF.105"
31742,"CF.413"
31746,"CF.403"
31748,"CF.242"
31770,"CF.111"
31811,"CF.111"
31814,"CF.245"
31815,"CF.107"
31832,"CF.111"
31852,"CF.111"
31859,"CF.111"
31861,"CF.111"
31866,"CF.106"
31867,"CF.245"
31872,"CF.111"
31873,"CF.123"
31876,"CF.105"
31880,"CF.413"
31881,"CF.106"
31888,"CF.115"
31891,"CF.111"
31907,"CF.134"
31920,"CF.111"
31924,"CF.126"
31942,"CF.134"
31964,"CF.413"
31969,"CF.402"
31971,"CF.221"
31978,"CF.103"
31981,"CF.105"
31988,"CF.111"
32014,"CF.420"
32022,"CF.242"
32072,"CF.245"
32095,"CF.105"
32102,"CF.117"
32121,"CF.242"
32133,"CF.105"
32134,"CF.201"
32202,"CF.402"
32203,"CF.245"
32213,"CF.125"
32215,"CF.123"
32224,"CF.109"
32227,"CF.245"
32244,"CF.604"
32288,"CF.123"
32293,"CF.109"
32355,"CF.210"
32365,"CF.125"
32378,"CF.102"
32381,"CF.101"
32390,"CF.115"
32400,"CF.134"
32412,"CF.605"
32418,"CF.218"
32449,"CF.249"
32455,"CF.604"
32459,"CF.103"
32466,"CF.602"
32470,"CF.109"
32483,"CF.127"
32497,"CF.124"
32526,"CF.111"
32535,"CF.111"
32566,"CF.413"
32567,"CF.219"
32638,"CF.111"
32639,"CF.109"
32652,"CF.111"
32672,"CF.123"
32706,"CF.132"
32713,"CF.220"
32714,"CF.105"
32751,"CF.103"
32767,"CF.402"
32818,"CF.111"
32825,"CF.202"
32844,"CF.132"
32858,"CF.402"
32870,"CF.219"
32910,"CF.111"
32962,"CF.410"
32991,"CF.245"
33022,"CF.121"
33027,"CF.121"
33032,"CF.604"
33041,"CF.111"
33078,"CF.256"
33082,"CF.109"
33088,"CF.103"
33103,"CF.123"
33126,"CF.121"
33133,"CF.124"
33148,"CF.123"
33164,"CF.133"
33181,"CF.402"
33182,"CF.123"
33193,"CF.249"
33195,"CF.242"
33219,"CF.115"
33221,"CF.209"
33222,"CF.413"
33243,"CF.105"
33266,"CF.133"
33286,"CF.420"
33298,"CF.242"
33300,"CF.125"
33308,"CF.218"
33311,"CF.245"
33316,"CF.111"
33325,"CF.111"
33326,"CF.133"
33339,"CF.133"
33357,"CF.211"
33372,"CF.249"
33380,"CF.401"
33402,"CF.111"
33428,"CF.415"
33459,"CF.133"
33500,"CF.402"
33503,"CF.401"
33528,"CF.605"
33554,"CF.111"
33585,"CF.402"
33591,"CF.133"
33604,"CF.135"
33611,"CF.111"
33617,"CF.101"
33623,"CF.123"
33630,"CF.101"
33642,"CF.401"
33657,"CF.402"
33676,"CF.134"
33708,"CF.602"
33730,"CF.420"
33749,"CF.251"
33767,"CF.129"
33770,"CF.602"
33771,"CF.134"
33777,"CF.402"
33787,"CF.604"
33795,"CF.132"
33799,"CF.249"
33820,"CF.111"
33824,"CF.602"
33826,"CF.109"
33831,"CF.123"
33836,"CF.402"
33858,"CF.401"
33882,"CF.132"
33913,"CF.233"
33914,"CF.109"
33915,"CF.111"
33924,"CF.125"
33957,"CF.221"
33974,"CF.128"
33984,"CF.405"
33999,"CF.111"
34003,"CF.119"
34008,"CF.256"
34031,"CF.109"
34041,"CF.410"
34048,"CF.603"
34052,"CF.501"
34063,"CF.242"
34067,"CF.249"
34075,"CF.128"
34091,"CF.111"
34170,"CF.109"
34191,"CF.402"
34195,"CF.125"
34235,"CF.111"
34241,"CF.123"
34242,"CF.133"
34267,"CF.133"
34269,"CF.211"
34279,"CF.602"
34290,"CF.258"
34296,"CF.123"
34302,"CF.111"
34312,"CF.111"
34324,"CF.213"
34327,"CF.108"
34333,"CF.116"
34355,"CF.121"
34378,"CF.202"
34379,"CF.221"
34389,"CF.133"
34410,"CF.402"
34423,"CF.604"
34437,"CF.404"
34445,"CF.402"
34463,"CF.111"
34473,"CF.604"
34484,"CF.123"
34487,"CF.413"
34498,"CF.125"
34539,"CF.402"
34579,"CF.211"
34627,"CF.109"
34653,"CF.258"
34655,"CF.117"
34657,"CF.121"
34660,"CF.420"
34661,"CF.503"
34682,"CF.242"
34693,"CF.402"
34709,"CF.417"
34711,"CF.417"
34728,"CF.111"
34748,"CF.402"
34749,"CF.258"
34753,"CF.111"
34761,"CF.103"
34774,"CF.410"
34797,"CF.211"
34829,"CF.402"
34841,"CF.401"
34847,"CF.242"
34849,"CF.109"
34878,"CF.119"
34883,"CF.118"
34892,"CF.117"
34907,"CF.133"
34918,"CF.402"
34925,"CF.233"
34931,"CF.121"
34934,"CF.111"
34949,"CF.403"
34950,"CF.133"
34975,"CF.109"
34990,"CF.111"
34996,"CF.413"
34998,"CF.205"
35005,"CF.404"
35030,"CF.404"
35053,"CF.115"
35059,"CF.404"
35062,"CF.111"
35065,"CF.115"
35115,"CF.213"
35117,"CF.111"
35131,"CF.111"
35136,"CF.242"
35207,"CF.402"
35215,"CF.245"
35231,"CF.401"
35234,"CF.103"
35236,"CF.132"
35246,"CF.402"
35264,"CF.123"
35279,"CF.115"
35283,"CF.117"
35319,"CF.134"
35336,"CF.241"
35338,"CF.101"
35345,"CF.245"
35354,"CF.133"
35355,"CF.132"
35357,"CF.127"
35362,"CF.111"
35404,"CF.216"
35416,"CF.132"
35451,"CF.604"
35460,"CF.111"
35461,"CF.604"
35466,"CF.604"
35481,"CF.117"
35482,"CF.111"
35501,"CF.403"
35506,"CF.105"
35521,"CF.133"
35542,"CF.133"
35560,"CF.105"
35564,"CF.133"
35570,"CF.410"
35595,"CF.109"
35615,"CF.123"
35636,"CF.403"
35649,"CF.413"
35654,"CF.604"
35659,"CF.402"
35698,"CF.133"
35704,"CF.209"
35712,"CF.245"
35724,"CF.413"
35741,"CF.105"
35743,"CF.111"
35756,"CF.604"
35758,"CF.237"
35768,"CF.111"
35839,"CF.413"
35843,"CF.602"
35850,"CF.604"
35864,"CF.134"
35875,"CF.604"
35885,"CF.402"
35889,"CF.128"
35896,"CF.245"
35903,"CF.242"
35918,"CF.132"
35926,"CF.402"
35929,"CF.403"
35935,"CF.123"
35942,"CF.220"
35980,"CF.413"
35981,"CF.242"
35986,"CF.602"
35999,"CF.101"
36002,"CF.503"
36061,"CF.103"
36065,"CF.108"
36095,"CF.125"
36124,"CF.602"
36129,"CF.111"
36138,"CF.242"
36160,"CF.123"
36195,"CF.402"
36200,"CF.113"
36220,"CF.402"
36234,"CF.403"
36269,"CF.123"
36270,"CF.115"
36278,"CF.124"
36295,"CF.103"
36300,"CF.124"
36321,"CF.105"
36329,"CF.211"
36351,"CF.245"
36377,"CF.245"
36381,"CF.111"
36385,"CF.136"
36469,"CF.135"
36500,"CF.503"
36508,"CF.123"
36528,"CF.404"
36531,"CF.111"
36543,"CF.604"
36548,"CF.102"
36551,"CF.413"
36553,"CF.111"
36594,"CF.211"
36606,"CF.111"
36611,"CF.105"
36644,"CF.111"
36651,"CF.206"
36662,"CF.105"
36678,"CF.134"
36682,"CF.218"
36687,"CF.402"
36690,"CF.604"
36694,"CF.109"
36696,"CF.404"
36709,"CF.109"
36718,"CF.604"
36728,"CF.111"
36748,"CF.402"
36749,"CF.101"
36754,"CF.243"
36766,"CF.111"
36781,"CF.402"
36784,"CF.134"
36790,"CF.413"
36815,"CF.132"
36842,"CF.109"
36849,"CF.413"
36862,"CF.211"
36863,"CF.108"
36867,"CF.402"
36872,"CF.222"
36877,"CF.111"
36900,"CF.242"
36906,"CF.221"
36955,"CF.111"
36971,"CF.111"
36973,"CF.604"
36974,"CF.211"
36996,"CF.604"
37003,"CF.111"
37010,"CF.413"
37016,"CF.111"
37023,"CF.602"
37069,"CF.111"
37093,"CF.117"
37139,"CF.111"
37151,"CF.403"
37181,"CF.410"
37188,"CF.402"
37206,"CF.601"
37213,"CF.245"
37227,"CF.245"
37231,"CF.101"
37266,"CF.123"
37281,"CF.111"
37308,"CF.123"
37314,"CF.402"
37318,"CF.604"
37361,"CF.132"
37391,"CF.124"
37404,"CF.103"
37417,"CF.126"
37436,"CF.136"
37453,"CF.245"
37455,"CF.117"
37472,"CF.111"
37498,"CF.245"
37509,"CF.206"
37516,"CF.105"
37534,"CF.220"
37557,"CF.111"
37564,"CF.402"
37596,"CF.218"
37598,"CF.211"
37599,"CF.402"
37602,"CF.111"
37630,"CF.109"
37649,"CF.413"
37661,"CF.109"
37676,"CF.413"
37677,"CF.242"
37690,"CF.604"
37693,"CF.111"
37694,"CF.123"
37696,"CF.111"
37697,"CF.413"
37704,"CF.413"
37705,"CF.106"
37721,"CF.111"
37724,"CF.245"
37738,"CF.135"
37747,"CF.113"
37750,"CF.126"
37756,"CF.111"
37776,"CF.413"
37783,"CF.604"
37785,"CF.135"
37801,"CF.402"
37818,"CF.132"
37882,"CF.404"
37909,"CF.218"
37974,"CF.111"
38001,"CF.101"
38003,"CF.404"
38069,"CF.252"
38081,"CF.123"
38087,"CF.415"
38112,"CF.103"
38116,"CF.103"
38140,"CF.106"
38146,"CF.105"
38154,"CF.111"
38161,"CF.136"
38162,"CF.413"
38175,"CF.403"
38196,"CF.111"
38213,"CF.602"
38215,"CF.218"
38216,"CF.111"
38230,"CF.109"
38232,"CF.111"
38235,"CF.115"
38236,"CF.105"
38242,"CF.129"
38243,"CF.111"
38253,"CF.132"
38276,"CF.261"
38278,"CF.245"
38314,"CF.123"
38318,"CF.115"
38326,"CF.404"
38327,"CF.602"
38362,"CF.111"
38363,"CF.402"
38364,"CF.602"
38374,"CF.245"
38399,"CF.403"
38406,"CF.123"
38413,"CF.103"
38414,"CF.402"
38416,"CF.242"
38434,"CF.242"
38435,"CF.124"
38463,"CF.109"
38475,"CF.132"
38492,"CF.403"
38495,"CF.111"
38500,"CF.124"
38528,"CF.111"
38551,"CF.132"
38560,"CF.119"
38568,"CF.401"
38579,"CF.111"
38581,"CF.245"
38610,"CF.115"
38634,"CF.221"
38650,"CF.261"
38659,"CF.123"
38703,"CF.102"
38728,"CF.601"
38736,"CF.605"
38771,"CF.602"
38774,"CF.123"
38812,"CF.106"
38818,"CF.103"
38819,"CF.115"
38820,"CF.119"
38825,"CF.129"
38836,"CF.106"
38862,"CF.103"
38880,"CF.245"
38882,"CF.403"
38887,"CF.233"
38889,"CF.109"
38890,"CF.403"
38906,"CF.402"
38914,"CF.220"
38934,"CF.420"
38940,"CF.101"
38945,"CF.245"
38956,"CF.105"
38964,"CF.101"
38975,"CF.111"
38986,"CF.123"
39004,"CF.107"
39011,"CF.221"
39015,"CF.106"
39017,"CF.119"
39033,"CF.602"
39056,"CF.413"
39062,"CF.105"
39066,"CF.402"
39070,"CF.111"
39084,"CF.113"
39107,"CF.403"
39127,"CF.138"
39142,"CF.132"
39149,"CF.418"
39156,"CF.403"
39163,"CF.125"
39164,"CF.119"
39166,"CF.402"
39172,"CF.123"
39192,"CF.221"
39215,"CF.250"
39216,"CF.103"
39254,"CF.119"
39259,"CF.111"
39263,"CF.103"
39271,"CF.132"
39283,"CF.123"
39284,"CF.123"
39287,"CF.401"
39302,"CF.601"
39314,"CF.109"
39319,"CF.103"
39364,"CF.219"
39367,"CF.604"
39370,"CF.111"
39375,"CF.125"
39376,"CF.132"
39393,"CF.602"
39417,"CF.245"
39423,"CF.402"
39434,"CF.119"
39448,"CF.101"
39457,"CF.402"
39501,"CF.109"
39506,"CF.119"
39512,"CF.402"
39519,"CF.115"
39521,"CF.106"
39547,"CF.109"
39564,"CF.123"
39573,"CF.604"
39589,"CF.126"
39598,"CF.602"
39611,"CF.111"
39612,"CF.119"
39618,"CF.407"
39619,"CF.402"
39636,"CF.134"
39644,"CF.218"
39648,"CF.123"
39649,"CF.105"
39656,"CF.111"
39679,"CF.103"
39685,"CF.218"
39696,"CF.115"
39701,"CF.119"
39703,"CF.420"
39706,"CF.111"
39707,"CF.108"
39714,"CF.111"
39721,"CF.125"
39724,"CF.113"
39726,"CF.205"
39728,"CF.403"
39786,"CF.212"
39790,"CF.114"
39793,"CF.128"
39798,"CF.111"
39799,"CF.126"
39828,"CF.256"
39869,"CF.501"
39871,"CF.413"
39915,"CF.136"
39919,"CF.127"
39924,"CF.413"
39949,"CF.245"
39984,"CF.133"
40004,"CF.233"
40011,"CF.123"
40012,"CF.132"
40019,"CF.103"
40029,"CF.108"
40047,"CF.219"
40063,"CF.201"
40076,"CF.101"
40099,"CF.132"
40120,"CF.111"
40125,"CF.245"
40128,"CF.413"
40143,"CF.123"
40176,"CF.111"
40185,"CF.242"
40210,"CF.105"
40214,"CF.111"
40227,"CF.211"
40247,"CF.125"
40292,"CF.132"
40295,"CF.604"
40311,"CF.107"
40315,"CF.132"
40321,"CF.125"
40356,"CF.125"
40360,"CF.402"
40369,"CF.233"
40387,"CF.123"
40420,"CF.132"
40441,"CF.115"
40447,"CF.114"
40459,"CF.125"
40461,"CF.105"
40476,"CF.101"
40486,"CF.126"
40521,"CF.116"
40528,"CF.258"
40572,"CF.402"
40577,"CF.111"
40580,"CF.123"
40584,"CF.403"
40590,"CF.109"
40591,"CF.242"
40595,"CF.604"
40596,"CF.134"
40602,"CF.132"
40606,"CF.132"
40700,"CF.402"
40714,"CF.123"
40724,"CF.119"
40733,"CF.402"
40751,"CF.604"
40779,"CF.605"
40783,"CF.114"
40787,"CF.602"
40825,"CF.114"
40827,"CF.123"
40839,"CF.420"
40842,"CF.402"
40870,"CF.601"
40871,"CF.403"
40872,"CF.129"
40875,"CF.111"
40883,"CF.602"
40885,"CF.604"
40937,"CF.109"
40951,"CF.402"
40957,"CF.501"
40991,"CF.402"
40992,"CF.403"
41008,"CF.123"
41025,"CF.219"
41062,"CF.106"
41101,"CF.111"
41115,"CF.105"
41160,"CF.402"
41165,"CF.102"
41185,"CF.123"
41195,"CF.402"
41197,"CF.402"
41221,"CF.604"
41247,"CF.245"
41265,"CF.101"
41275,"CF.213"
41276,"CF.420"
41277,"CF.605"
41279,"CF.114"
41280,"CF.218"
41303,"CF.402"
41319,"CF.245"
41335,"CF.604"
41343,"CF.123"
41366,"CF.117"
41367,"CF.111"
41398,"CF.420"
41404,"CF.133"
41405,"CF.133"
41407,"CF.402"
41416,"CF.402"
41425,"CF.501"
41426,"CF.125"
41431,"CF.109"
41432,"CF.420"
41454,"CF.119"
41456,"CF.123"
41459,"CF.125"
41475,"CF.103"
41482,"CF.119"
41503,"CF.133"
41519,"CF.117"
41548,"CF.604"
41565,"CF.109"
41568,"CF.111"
41583,"CF.123"
41589,"CF.242"
41594,"CF.403"
41604,"CF.242"
41638,"CF.402"
41644,"CF.133"
41646,"CF.111"
41669,"CF.132"
41683,"CF.111"
41700,"CF.105"
41725,"CF.402"
41780,"CF.111"
41810,"CF.133"
41813,"CF.102"
41823,"CF.132"
41827,"CF.133"
41853,"CF.123"
41862,"CF.133"
41898,"CF.108"
41904,"CF.218"
41908,"CF.111"
41913,"CF.242"
41932,"CF.602"
41969,"CF.245"
42009,"CF.403"
42036,"CF.125"
42038,"CF.402"
42040,"CF.111"
42042,"CF.117"
42059,"CF.402"
42071,"CF.503"
42092,"CF.251"
42102,"CF.123"
42118,"CF.123"
42124,"CF.211"
42132,"CF.402"
42136,"CF.413"
42162,"CF.602"
42169,"CF.106"
42175,"CF.123"
42299,"CF.403"
42325,"CF.103"
42330,"CF.132"
42338,"CF.129"
42353,"CF.111"
42360,"CF.602"
42401,"CF.111"
42403,"CF.108"
42416,"CF.111"
42426,"CF.245"
42441,"CF.123"
42443,"CF.413"
42453,"CF.221"
42483,"CF.111"
42495,"CF.245"
42496,"CF.117"
42554,"CF.109"
42566,"CF.418"
42580,"CF.111"
42590,"CF.242"
42609,"CF.602"
42637,"CF.111"
42646,"CF.108"
42653,"CF.111"
42658,"CF.117"
42668,"CF.221"
42684,"CF.106"
42690,"CF.101"
42703,"CF.604"
42717,"CF.212"
42749,"CF.602"
42755,"CF.105"
42771,"CF.105"
42796,"CF.420"
42800,"CF.245"
42802,"CF.101"
42806,"CF.111"
42809,"CF.117"
42851,"CF.111"
42865,"CF.103"
42878,"CF.267"
42886,"CF.125"
42901,"CF.245"
42904,"CF.111"
42909,"CF.109"
42912,"CF.111"
42914,"CF.601"
42926,"CF.602"
42935,"CF.111"
42945,"CF.108"
42965,"CF.133"
42981,"CF.602"
43016,"CF.402"
43027,"CF.402"
43033,"CF.101"
43037,"CF.103"
43050,"CF.218"
43067,"CF.124"
43080,"CF.202"
43115,"CF.111"
43117,"CF.413"
43133,"CF.420"
43150,"CF.420"
43163,"CF.117"
43170,"CF.111"
43194,"CF.101"
43242,"CF.108"
43253,"CF.111"
43270,"CF.111"
43295,"CF.123"
43321,"CF.602"
43343,"CF.111"
43349,"CF.111"
43350,"CF.109"
43351,"CF.109"
43353,"CF.103"
43361,"CF.134"
43444,"CF.125"
43478,"CF.402"
43490,"CF.132"
43493,"CF.213"
43499,"CF.124"
43520,"CF.101"
43531,"CF.111"
43534,"CF.124"
43558,"CF.128"
43567,"CF.402"
43569,"CF.101"
43570,"CF.108"
43572,"CF.115"
43573,"CF.601"
43574,"CF.111"
43584,"CF.128"
43586,"CF.402"
43592,"CF.221"
43599,"CF.403"
43621,"CF.136"
43633,"CF.132"
43646,"CF.128"
43648,"CF.102"
43678,"CF.107"
43686,"CF.105"
43713,"CF.602"
43720,"CF.111"
43733,"CF.109"
43796,"CF.245"
43802,"CF.111"
43830,"CF.111"
43842,"CF.221"
43845,"CF.123"
43859,"CF.237"
43869,"CF.111"
43878,"CF.101"
43879,"CF.108"
43896,"CF.124"
43920,"CF.115"
43952,"CF.402"
43973,"CF.111"
43983,"CF.109"
43995,"CF.113"
44000,"CF.402"
44003,"CF.115"
44010,"CF.402"
44012,"CF.402"
44019,"CF.123"
44036,"CF.242"
44095,"CF.132"
44110,"CF.218"
44114,"CF.402"
44134,"CF.402"
44138,"CF.221"
44164,"CF.402"
44209,"CF.111"
44228,"CF.107"
44230,"CF.111"
44231,"CF.105"
44233,"CF.413"
44240,"CF.113"
44252,"CF.402"
44256,"CF.111"
44262,"CF.134"
44313,"CF.102"
44365,"CF.113"
44373,"CF.402"
44439,"CF.123"
44441,"CF.218"
44485,"CF.105"
44510,"CF.602"
44528,"CF.105"
44541,"CF.123"
44543,"CF.210"
44559,"CF.135"
44582,"CF.201"
44619,"CF.206"
44637,"CF.123"
44662,"CF.123"
44665,"CF.119"
44703,"CF.403"
44707,"CF.101"
44718,"CF.132"
44719,"CF.245"
44725,"CF.403"
44734,"CF.604"
44740,"CF.219"
44772,"CF.107"
44802,"CF.123"
44862,"CF.403"
44889,"CF.123"
44890,"CF.413"
44922,"CF.101"
44937,"CF.101"
44941,"CF.403"
44943,"CF.407"
44971,"CF.134"
45012,"CF.105"
45013,"CF.403"
45030,"CF.109"
45031,"CF.127"
45077,"CF.242"
45080,"CF.109"
45082,"CF.119"
45090,"CF.125"
45092,"CF.601"
45117,"CF.111"
45121,"CF.111"
45130,"CF.111"
45137,"CF.111"
45155,"CF.123"
45171,"CF.126"
45217,"CF.111"
45274,"CF.115"
45287,"CF.134"
45327,"CF.218"
45333,"CF.245"
45335,"CF.402"
45342,"CF.115"
45355,"CF.111"
45361,"CF.124"
45410,"CF.404"
45414,"CF.124"
45415,"CF.111"
45435,"CF.404"
45451,"CF.242"
45458,"CF.233"
45489,"CF.129"
45504,"CF.105"
45508,"CF.129"
45522,"CF.404"
45550,"CF.111"
45566,"CF.111"
45569,"CF.117"
45575,"CF.108"
45577,"CF.101"
45625,"CF.101"
45630,"CF.111"
45652,"CF.132"
45668,"CF.115"
45671,"CF.245"
45683,"CF.245"
45694,"CF.127"
45696,"CF.105"
45704,"CF.111"
45713,"CF.402"
45719,"CF.602"
45723,"CF.604"
45738,"CF.125"
45797,"CF.124"
45801,"CF.116"
45815,"CF.111"
45826,"CF.101"
45836,"CF.117"
45837,"CF.242"
45840,"CF.109"
45849,"CF.123"
45894,"CF.402"
45948,"CF.418"
46027,"CF.242"
46066,"CF.115"
46074,"CF.108"
46104,"CF.111"
46122,"CF.113"
46132,"CF.111"
46138,"CF.111"
46162,"CF.245"
46168,"CF.111"
46201,"CF.135"
46216,"CF.124"
46290,"CF.125"
46293,"CF.403"
46297,"CF.111"
46324,"CF.604"
46330,"CF.111"
46346,"CF.604"
46356,"CF.252"
46382,"CF.212"
46391,"CF.237"
46394,"CF.127"
46400,"CF.119"
46424,"CF.117"
46447,"CF.601"
46450,"CF.105"
46459,"CF.604"
46481,"CF.601"
46498,"CF.117"
46518,"CF.401"
46522,"CF.601"
46547,"CF.115"
46563,"CF.602"
46564,"CF.218"
46581,"CF.111"
46584,"CF.242"
46608,"CF.134"
46616,"CF.604"
46619,"CF.405"
46620,"CF.111"
46621,"CF.107"
46625,"CF.119"
46636,"CF.413"
46639,"CF.132"
46675,"CF.413"
46682,"CF.115"
46705,"CF.105"
46707,"CF.252"
46762,"CF.602"
46800,"CF.123"
46802,"CF.245"
46808,"CF.135"
46819,"CF.123"
46828,"CF.403"
46833,"CF.108"
46834,"CF.119"
46857,"CF.402"
46865,"CF.111"
46867,"CF.401"
46890,"CF.402"
46942,"CF.503"
46946,"CF.101"
46965,"CF.111"
46966,"CF.605"
47001,"CF.111"
47005,"CF.117"
47008,"CF.413"
47016,"CF.413"
47098,"CF.402"
47102,"CF.413"
47136,"CF.258"
47141,"CF.101"
47165,"CF.403"
47172,"CF.242"
47186,"CF.123"
47221,"CF.111"
47222,"CF.111"
47227,"CF.602"
47240,"CF.402"
47258,"CF.601"
47267,"CF.123"
47275,"CF.601"
47278,"CF.115"
47280,"CF.402"
47281,"CF.402"
47294,"CF.115"
47307,"CF.243"
47345,"CF.111"
47350,"CF.602"
47357,"CF.111"
47364,"CF.602"
47408,"CF.111"
47429,"CF.128"
47443,"CF.245"
47462,"CF.111"
47496,"CF.402"
47504,"CF.111"
47507,"CF.602"
47513,"CF.107"
47527,"CF.245"
47533,"CF.111"
47547,"CF.134"
47575,"CF.111"
47577,"CF.123"
47602,"CF.417"
47616,"CF.604"
47628,"CF.604"
47657,"CF.602"
47658,"CF.403"
47670,"CF.602"
47683,"CF.602"
47693,"CF.403"
47698,"CF.125"
47699,"CF.115"
47729,"CF.420"
47744,"CF.123"
47748,"CF.602"
47751,"CF.602"
47757,"CF.111"
47776,"CF.101"
47798,"CF.123"
47802,"CF.111"
47818,"CF.109"
47828,"CF.111"
47842,"CF.132"
47869,"CF.212"
47873,"CF.128"
47876,"CF.218"
47916,"CF.602"
47930,"CF.126"
47937,"CF.109"
47944,"CF.128"
47974,"CF.602"
48005,"CF.403"
48023,"CF.101"
48028,"CF.101"
48043,"CF.407"
48059,"CF.111"
48068,"CF.103"
48096,"CF.407"
48111,"CF.403"
48112,"CF.105"
48117,"CF.109"
48120,"CF.602"
48129,"CF.245"
48170,"CF.123"
48174,"CF.119"
48194,"CF.212"
48226,"CF.136"
48230,"CF.402"
48232,"CF.109"
48251,"CF.132"
48302,"CF.111"
48312,"CF.134"
48323,"CF.402"
48331,"CF.402"
48355,"CF.420"
48374,"CF.113"
48380,"CF.218"
48382,"CF.267"
48388,"CF.109"
48428,"CF.602"
48431,"CF.117"
48486,"CF.258"
48492,"CF.413"
48496,"CF.111"
48498,"CF.413"
48506,"CF.111"
48528,"CF.117"
48536,"CF.111"
48539,"CF.125"
48542,"CF.402"
48545,"CF.109"
48555,"CF.128"
48591,"CF.402"
48600,"CF.123"
48605,"CF.201"
48610,"CF.111"
48625,"CF.403"
48663,"CF.101"
48692,"CF.125"
48699,"CF.111"
48701,"CF.106"
48733,"CF.111"
48762,"CF.129"
48782,"CF.604"
48813,"CF.108"
48865,"CF.125"
48886,"CF.111"
48896,"CF.111"
48911,"CF.111"
48915,"CF.402"
48932,"CF.245"
48940,"CF.111"
48980,"CF.125"
49005,"CF.402"
49020,"CF.125"
49043,"CF.413"
49073,"CF.604"
49083,"CF.605"
49094,"CF.135"
49110,"CF.242"
49122,"CF.123"
49132,"CF.111"
49136,"CF.113"
49157,"CF.420"
49161,"CF.604"
49167,"CF.111"
49193,"CF.242"
49200,"CF.602"
49212,"CF.212"
49213,"CF.604"
49224,"CF.115"
49249,"CF.108"
49272,"CF.108"
49282,"CF.402"
49310,"CF.133"
49311,"CF.111"
49338,"CF.125"
49345,"CF.111"
49346,"CF.111"
49347,"CF.117"
49379,"CF.111"
49403,"CF.111"
49411,"CF.125"
49415,"CF.202"
49427,"CF.123"
49434,"CF.128"
49454,"CF.123"
49458,"CF.111"
49481,"CF.133"
49509,"CF.113"
49517,"CF.125"
49541,"CF.134"
49554,"CF.243"
49557,"CF.109"
49566,"CF.111"
49571,"CF.119"
49596,"CF.242"
49615,"CF.111"
49661,"CF.605"
49681,"CF.124"
49684,"CF.261"
49710,"CF.111"
49720,"CF.242"
49733,"CF.242"
49776,"CF.134"
49778,"CF.403"
49779,"CF.221"
49799,"CF.101"
49811,"CF.261"
49817,"CF.103"
49837,"CF.111"
49841,"CF.108"
49857,"CF.133"
49858,"CF.111"
49861,"CF.115"
49880,"CF.115"
49919,"CF.111"
49926,"CF.109"
49937,"CF.103"
49978,"CF.242"
49985,"CF.123"
49987,"CF.123"
49996,"CF.127"
50014,"CF.111"
50026,"CF.413"
50032,"CF.117"
50046,"CF.111"
50081,"CF.132"
50085,"CF.123"
50099,"CF.218"
50103,"CF.413"
50117,"CF.117"
50124,"CF.111"
50144,"CF.109"
50157,"CF.111"
50162,"CF.245"
50163,"CF.115"
50185,"CF.127"
50193,"CF.605"
50205,"CF.105"
50218,"CF.124"
50235,"CF.111"
50244,"CF.123"
50270,"CF.123"
50272,"CF.403"
50287,"CF.111"
50298,"CF.403"
50300,"CF.125"
50313,"CF.132"
50330,"CF.109"
50369,"CF.420"
50378,"CF.109"
50383,"CF.117"
50386,"CF.109"
50474,"CF.111"
50490,"CF.111"
50504,"CF.115"
50505,"CF.602"
50533,"CF.403"
50562,"CF.403"
50574,"CF.114"
50593,"CF.105"
50598,"CF.403"
50622,"CF.128"
50636,"CF.124"
50647,"CF.135"
50678,"CF.132"
50679,"CF.117"
50701,"CF.413"
50741,"CF.122"
50747,"CF.115"
50754,"CF.602"
50755,"CF.413"
50765,"CF.417"
50767,"CF.105"
50773,"CF.249"
50825,"CF.111"
50826,"CF.111"
50880,"CF.128"
50966,"CF.109"
50973,"CF.132"
50974,"CF.402"
50988,"CF.106"
51004,"CF.601"
51013,"CF.111"
51024,"CF.245"
51073,"CF.123"
51094,"CF.111"
51113,"CF.242"
51140,"CF.111"
51157,"CF.132"
51191,"CF.133"
51201,"CF.111"
51211,"CF.116"
51216,"CF.125"
51238,"CF.604"
51251,"CF.105"
51306,"CF.402"
51320,"CF.124"
51362,"CF.111"
51372,"CF.105"
51398,"CF.242"
51409,"CF.113"
51435,"CF.103"
51449,"CF.105"
51450,"CF.109"
51480,"CF.221"
51482,"CF.213"
51504,"CF.111"
51509,"CF.402"
51517,"CF.111"
51522,"CF.602"
51532,"CF.134"
51541,"CF.403"
51605,"CF.105"
51617,"CF.402"
51618,"CF.115"
51626,"CF.101"
51645,"CF.402"
51659,"CF.413"
51673,"CF.132"
51687,"CF.119"
51700,"CF.109"
51707,"CF.109"
51709,"CF.404"
51716,"CF.111"
51756,"CF.101"
51766,"CF.105"
51772,"CF.202"
51789,"CF.601"
51824,"CF.413"
51825,"CF.602"
51849,"CF.122"
51921,"CF.111"
51929,"CF.134"
51936,"CF.604"
51965,"CF.111"
51971,"CF.106"
51973,"CF.258"
52010,"CF.111"
52011,"CF.420"
52025,"CF.603"
52062,"CF.258"
52067,"CF.221"
52080,"CF.402"
52085,"CF.601"
52105,"CF.402"
52117,"CF.204"
52136,"CF.132"
52139,"CF.101"
52152,"CF.602"
52183,"CF.124"
52196,"CF.602"
52202,"CF.402"
52237,"CF.603"
52252,"CF.128"
52268,"CF.402"
52279,"CF.101"
52286,"CF.413"
52309,"CF.601"
52315,"CF.111"
52326,"CF.123"
52341,"CF.410"
52355,"CF.129"
52365,"CF.604"
52371,"CF.403"
52376,"CF.111"
52418,"CF.111"
52439,"CF.116"
52476,"CF.205"
52486,"CF.129"
52491,"CF.123"
52503,"CF.109"
52509,"CF.123"
52523,"CF.101"
52534,"CF.402"
52535,"CF.123"
52541,"CF.116"
52550,"CF.402"
52565,"CF.111"
52575,"CF.129"
52593,"CF.410"
52602,"CF.604"
52646,"CF.119"
52670,"CF.111"
52695,"CF.402"
52700,"CF.602"
52724,"CF.125"
52741,"CF.123"
52744,"CF.119"
52759,"CF.602"
52761,"CF.221"
52768,"CF.108"
52805,"CF.602"
52810,"CF.111"
52813,"CF.133"
52820,"CF.134"
52834,"CF.111"
52843,"CF.413"
52867,"CF.111"
52900,"CF.245"
52912,"CF.126"
52958,"CF.242"
52981,"CF.403"
53009,"CF.242"
53013,"CF.132"
53018,"CF.101"
53027,"CF.111"
53155,"CF.111"
53231,"CF.602"
53237,"CF.111"
53256,"CF.602"
53268,"CF.243"
53320,"CF.132"
53321,"CF.219"
53327,"CF.119"
53329,"CF.128"
53332,"CF.134"
53362,"CF.132"
53364,"CF.604"
53370,"CF.105"
53379,"CF.105"
53385,"CF.115"
53405,"CF.103"
53406,"CF.101"
53425,"CF.111"
53429,"CF.129"
53436,"CF.109"
53463,"CF.501"
53475,"CF.242"
53476,"CF.101"
53517,"CF.413"
53529,"CF.103"
53540,"CF.111"
53544,"CF.111"
53549,"CF.123"
53626,"CF.413"
53703,"CF.136"
53711,"CF.123"
53717,"CF.128"
53727,"CF.111"
53745,"CF.119"
53754,"CF.117"
53759,"CF.211"
53760,"CF.127"
53768,"CF.111"
53811,"CF.105"
53827,"CF.115"
53853,"CF.115"
53857,"CF.109"
53875,"CF.604"
53883,"CF.242"
53892,"CF.403"
53896,"CF.111"
53910,"CF.105"
53940,"CF.129"
53944,"CF.602"
53972,"CF.111"
53977,"CF.206"
53978,"CF.111"
54002,"CF.138"
54020,"CF.413"
54027,"CF.117"
54031,"CF.113"
54035,"CF.103"
54038,"CF.604"
54091,"CF.111"
54116,"CF.111"
54121,"CF.404"
54145,"CF.111"
54159,"CF.105"
54162,"CF.220"
54165,"CF.401"
54217,"CF.403"
54227,"CF.101"
54235,"CF.109"
54256,"CF.119"
54263,"CF.124"
54272,"CF.404"
54318,"CF.123"
54340,"CF.119"
54341,"CF.413"
54346,"CF.115"
54360,"CF.124"
54378,"CF.242"
54381,"CF.604"
54392,"CF.111"
54398,"CF.604"
54404,"CF.601"
54444,"CF.245"
54452,"CF.202"
54457,"CF.132"
54511,"CF.101"
54516,"CF.605"
54520,"CF.123"
54540,"CF.123"
54544,"CF.403"
54547,"CF.111"
54552,"CF.233"
54591,"CF.111"
54641,"CF.402"
54648,"CF.125"
54662,"CF.111"
54672,"CF.404"
54715,"CF.132"
54719,"CF.117"
54747,"CF.115"
54749,"CF.101"
54754,"CF.123"
54772,"CF.111"
54774,"CF.123"
54785,"CF.123"
54800,"CF.101"
54808,"CF.245"
54826,"CF.136"
54864,"CF.218"
54867,"CF.101"
54871,"CF.105"
54914,"CF.122"
54929,"CF.117"
54992,"CF.132"
55046,"CF.111"
55055,"CF.602"
55065,"CF.413"
55099,"CF.101"
55150,"CF.111"
55161,"CF.402"
55164,"CF.115"
55170,"CF.126"
55172,"CF.403"
55194,"CF.218"
55225,"CF.105"
55257,"CF.403"
55270,"CF.124"
55313,"CF.124"
55347,"CF.103"
55358,"CF.111"
55365,"CF.503"
55382,"CF.410"
55424,"CF.242"
55438,"CF.233"
55455,"CF.233"
55477,"CF.218"
55483,"CF.242"
55488,"CF.242"
55496,"CF.109"
55525,"CF.602"
55534,"CF.113"
55568,"CF.604"
55569,"CF.233"
55571,"CF.103"
55575,"CF.111"
55580,"CF.242"
55587,"CF.111"
55610,"CF.218"
55643,"CF.242"
55651,"CF.402"
55661,"CF.218"
55703,"CF.111"
55711,"CF.111"
55720,"CF.111"
55740,"CF.111"
55749,"CF.206"
55758,"CF.402"
55765,"CF.109"
55790,"CF.403"
55820,"CF.135"
55822,"CF.111"
55828,"CF.602"
55891,"CF.604"
55929,"CF.101"
55931,"CF.604"
55933,"CF.604"
55947,"CF.132"
55977,"CF.212"
55986,"CF.604"
56041,"CF.245"
56048,"CF.111"
56077,"CF.402"
56079,"CF.218"
56095,"CF.403"
56136,"CF.605"
56143,"CF.413"
56148,"CF.111"
56149,"CF.604"
56159,"CF.605"
56170,"CF.116"
56175,"CF.501"
56213,"CF.111"
56222,"CF.109"
56227,"CF.123"
56230,"CF.124"
56246,"CF.413"
56298,"CF.119"
56299,"CF.117"
56320,"CF.413"
56345,"CF.105"
56369,"CF.134"
56379,"CF.218"
56380,"CF.111"
56421,"CF.501"
56422,"CF.604"
56461,"CF.245"
56521,"CF.111"
56538,"CF.119"
56539,"CF.111"
56546,"CF.109"
56549,"CF.501"
56550,"CF.111"
56553,"CF.123"
56575,"CF.210"
56671,"CF.132"
56674,"CF.132"
56693,"CF.111"
56700,"CF.105"
56737,"CF.111"
56758,"CF.405"
56803,"CF.109"
56805,"CF.127"
56830,"CF.125"
56833,"CF.124"
56851,"CF.105"
56858,"CF.101"
56866,"CF.402"
56872,"CF.119"
56879,"CF.123"
56891,"CF.101"
56913,"CF.604"
56941,"CF.245"
56991,"CF.111"
56993,"CF.242"
57006,"CF.127"
57070,"CF.209"
57089,"CF.111"
57116,"CF.218"
57142,"CF.413"
57169,"CF.119"
57179,"CF.604"
57183,"CF.413"
57199,"CF.219"
57200,"CF.226"
57253,"CF.111"
57269,"CF.105"
57312,"CF.111"
57327,"CF.118"
57332,"CF.111"
57337,"CF.252"
57345,"CF.123"
57373,"CF.111"
57387,"CF.107"
57392,"CF.111"
57402,"CF.604"
57404,"CF.117"
57482,"CF.413"
57564,"CF.105"
57569,"CF.105"
57592,"CF.111"
57600,"CF.218"
57603,"CF.403"
57616,"CF.103"
57660,"CF.101"
57664,"CF.403"
57670,"CF.602"
57676,"CF.111"
57694,"CF.125"
57703,"CF.410"
57719,"CF.133"
57731,"CF.125"
57735,"CF.105"
57749,"CF.107"
57750,"CF.403"
57752,"CF.107"
57778,"CF.109"
57792,"CF.220"
57852,"CF.111"
57856,"CF.109"
57862,"CF.407"
57885,"CF.103"
57893,"CF.413"
57904,"CF.132"
57909,"CF.105"
57919,"CF.123"
57922,"CF.413"
57933,"CF.245"
57955,"CF.403"
57986,"CF.132"
58039,"CF.420"
58044,"CF.125"
58068,"CF.132"
58073,"CF.413"
58078,"CF.242"
58081,"CF.109"
58092,"CF.111"
58095,"CF.402"
58117,"CF.123"
58124,"CF.119"
58138,"CF.105"
58146,"CF.242"
58149,"CF.111"
58161,"CF.113"
58172,"CF.109"
58174,"CF.413"
58180,"CF.252"
58181,"CF.413"
58183,"CF.413"
58185,"CF.604"
58213,"CF.132"
58216,"CF.132"
58221,"CF.602"
58245,"CF.402"
58248,"CF.103"
58249,"CF.221"
58254,"CF.115"
58259,"CF.128"
58262,"CF.123"
58286,"CF.105"
58294,"CF.111"
58337,"CF.413"
58344,"CF.121"
58386,"CF.101"
58409,"CF.123"
58414,"CF.604"
58446,"CF.242"
58474,"CF.245"
58477,"CF.206"
58482,"CF.132"
58523,"CF.115"
58527,"CF.109"
58533,"CF.242"
58534,"CF.101"
58537,"CF.602"
58544,"CF.413"
58556,"CF.119"
58563,"CF.115"
58596,"CF.111"
58609,"CF.401"
58614,"CF.413"
58626,"CF.233"
58638,"CF.132"
58640,"CF.413"
58654,"CF.125"
58664,"CF.413"
58678,"CF.119"
58705,"CF.133"
58709,"CF.604"
58744,"CF.242"
58751,"CF.117"
58752,"CF.132"
58766,"CF.125"
58779,"CF.603"
58798,"CF.117"
58803,"CF.420"
58804,"CF.117"
58811,"CF.413"
58815,"CF.111"
58817,"CF.413"
58849,"CF.132"
58879,"CF.420"
58880,"CF.132"
58882,"CF.604"
58916,"CF.123"
58957,"CF.413"
58964,"CF.121"
58965,"CF.111"
58969,"CF.111"
58979,"CF.125"
58982,"CF.413"
59008,"CF.413"
59021,"CF.109"
59024,"CF.128"
59026,"CF.109"
59042,"CF.105"
59059,"CF.221"
59062,"CF.131"
59064,"CF.242"
59068,"CF.119"
59076,"CF.402"
59082,"CF.132"
59095,"CF.132"
59102,"CF.503"
59128,"CF.415"
59133,"CF.218"
59136,"CF.245"
59137,"CF.123"
59148,"CF.404"
59153,"CF.115"
59176,"CF.261"
59181,"CF.241"
59183,"CF.105"
59185,"CF.132"
59198,"CF.219"
59203,"CF.206"
59220,"CF.122"
59235,"CF.132"
59250,"CF.249"
59266,"CF.254"
59285,"CF.413"
59315,"CF.410"
59329,"CF.132"
59338,"CF.132"
59354,"CF.132"
59355,"CF.134"
59356,"CF.111"
59359,"CF.134"
59369,"CF.123"
59379,"CF.109"
59380,"CF.402"
59387,"CF.132"
59396,"CF.410"
59400,"CF.503"
59420,"CF.413"
59427,"CF.115"
59433,"CF.132"
59453,"CF.210"
59493,"CF.109"
59503,"CF.206"
59511,"CF.111"
59528,"CF.402"
59543,"CF.133"
59560,"CF.127"
59568,"CF.109"
59598,"CF.605"
59600,"CF.404"
59637,"CF.420"
59645,"CF.115"
59664,"CF.121"
59714,"CF.111"
59731,"CF.115"
59738,"CF.413"
59739,"CF.413"
59751,"CF.111"
59753,"CF.133"
59774,"CF.241"
59786,"CF.111"
59826,"CF.413"
59861,"CF.132"
59865,"CF.401"
59868,"CF.245"
59882,"CF.413"
59892,"CF.132"
59916,"CF.602"
59955,"CF.241"
59989,"CF.137"
59992,"CF.101"
60005,"CF.605"
60024,"CF.402"
60031,"CF.111"
60063,"CF.241"
60070,"CF.604"
60072,"CF.133"
60082,"CF.113"
60100,"CF.241"
60135,"CF.132"
60136,"CF.133"
60138,"CF.218"
60140,"CF.401"
60161,"CF.133"
60251,"CF.133"
60260,"CF.119"
60274,"CF.404"
60279,"CF.125"
60315,"CF.243"
60319,"CF.249"
60343,"CF.218"
60366,"CF.413"
60373,"CF.108"
60393,"CF.125"
60399,"CF.101"
60444,"CF.604"
60449,"CF.401"
60471,"CF.111"
60478,"CF.211"
60483,"CF.216"
60490,"CF.601"
60500,"CF.115"
60508,"CF.123"
60509,"CF.134"
60527,"CF.109"
60528,"CF.404"
60530,"CF.125"
60553,"CF.248"
60570,"CF.245"
60575,"CF.242"
60578,"CF.402"
60593,"CF.413"
60598,"CF.123"
60599,"CF.135"
60612,"CF.115"
60616,"CF.105"
60658,"CF.125"
60662,"CF.109"
60681,"CF.402"
60693,"CF.249"
60703,"CF.402"
60722,"CF.105"
60735,"CF.109"
60756,"CF.245"
60775,"CF.413"
60792,"CF.111"
60794,"CF.111"
60822,"CF.420"
60826,"CF.125"
60833,"CF.413"
60847,"CF.128"
60865,"CF.123"
60867,"CF.242"
60869,"CF.413"
60872,"CF.123"
60890,"CF.242"
60908,"CF.206"
60925,"CF.402"
60947,"CF.221"
61002,"CF.402"
61006,"CF.117"
61017,"CF.120"
61034,"CF.133"
61051,"CF.503"
61053,"CF.242"
61062,"CF.402"
61063,"CF.402"
61067,"CF.407"
61070,"CF.206"
61076,"CF.111"
61094,"CF.109"
61096,"CF.109"
61100,"CF.604"
61103,"CF.105"
61115,"CF.133"
61134,"CF.402"
61139,"CF.605"
61141,"CF.245"
61158,"CF.245"
61186,"CF.407"
61194,"CF.413"
61199,"CF.133"
61208,"CF.402"
61217,"CF.115"
61222,"CF.407"
61261,"CF.125"
61278,"CF.401"
61336,"CF.132"
61344,"CF.119"
61363,"CF.245"
61418,"CF.124"
61419,"CF.129"
61443,"CF.111"
61455,"CF.111"
61473,"CF.115"
61482,"CF.109"
61487,"CF.115"
61490,"CF.119"
61507,"CF.117"
61533,"CF.420"
61544,"CF.111"
61562,"CF.221"
61568,"CF.101"
61570,"CF.119"
61571,"CF.602"
61604,"CF.119"
61615,"CF.210"
61624,"CF.221"
61626,"CF.111"
61636,"CF.109"
61646,"CF.114"
61679,"CF.111"
61712,"CF.111"
61715,"CF.132"
61734,"CF.221"
61761,"CF.109"
61764,"CF.403"
61789,"CF.123"
61792,"CF.129"
61834,"CF.111"
61836,"CF.115"
61838,"CF.109"
61842,"CF.111"
61849,"CF.113"
61850,"CF.249"
61859,"CF.413"
61862,"CF.403"
61863,"CF.111"
61866,"CF.111"
61874,"CF.403"
61927,"CF.242"
61935,"CF.111"
61951,"CF.242"
61961,"CF.105"
61962,"CF.119"
61979,"CF.115"
61987,"CF.107"
61989,"CF.501"
62018,"CF.115"
62034,"CF.604"
62048,"CF.403"
62059,"CF.117"
62062,"CF.123"
62064,"CF.121"
62074,"CF.413"
62102,"CF.105"
62103,"CF.132"
62198,"CF.111"
62204,"CF.267"
62207,"CF.125"
62210,"CF.604"
62221,"CF.403"
62227,"CF.403"
62228,"CF.111"
62230,"CF.206"
62247,"CF.103"
62255,"CF.121"
62269,"CF.604"
62293,"CF.111"
62294,"CF.111"
62316,"CF.115"
62325,"CF.123"
62326,"CF.218"
62328,"CF.111"
62329,"CF.134"
62340,"CF.132"
62348,"CF.124"
62351,"CF.117"
62365,"CF.134"
62420,"CF.123"
62430,"CF.604"
62447,"CF.134"
62460,"CF.123"
62465,"CF.132"
62500,"CF.242"
62504,"CF.109"
62518,"CF.410"
62547,"CF.415"
62556,"CF.410"
62565,"CF.111"
62618,"CF.237"
62689,"CF.111"
62693,"CF.123"
62722,"CF.601"
62741,"CF.132"
62748,"CF.221"
62755,"CF.604"
62757,"CF.222"
62758,"CF.410"
62768,"CF.213"
62775,"CF.210"
62797,"CF.420"
62813,"CF.402"
62830,"CF.113"
62840,"CF.403"
62858,"CF.111"
62863,"CF.115"
62865,"CF.258"
62869,"CF.403"
62886,"CF.108"
62908,"CF.125"
62910,"CF.242"
62926,"CF.111"
62942,"CF.605"
63005,"CF.402"
63046,"CF.119"
63049,"CF.115"
63052,"CF.123"
63094,"CF.134"
63113,"CF.115"
63117,"CF.125"
63177,"CF.111"
63194,"CF.221"
63202,"CF.604"
63216,"CF.111"
63218,"CF.123"
63220,"CF.402"
63225,"CF.125"
63230,"CF.111"
63235,"CF.111"
63248,"CF.402"
63257,"CF.111"
63270,"CF.213"
63272,"CF.119"
63328,"CF.115"
63330,"CF.115"
63334,"CF.111"
63337,"CF.218"
63343,"CF.121"
63395,"CF.604"
63403,"CF.403"
63419,"CF.111"
63425,"CF.105"
63430,"CF.402"
63434,"CF.605"
63448,"CF.113"
63450,"CF.111"
63454,"CF.111"
63472,"CF.132"
63473,"CF.128"
63475,"CF.420"
63487,"CF.125"
63488,"CF.402"
63519,"CF.242"
63570,"CF.132"
63578,"CF.420"
63585,"CF.111"
63619,"CF.202"
63632,"CF.121"
63692,"CF.111"
63695,"CF.132"
63732,"CF.123"
63744,"CF.111"
63745,"CF.402"
63748,"CF.256"
63759,"CF.123"
63831,"CF.206"
63834,"CF.111"
63848,"CF.249"
63880,"CF.103"
63908,"CF.123"
63909,"CF.403"
63913,"CF.125"
63919,"CF.111"
63926,"CF.604"
63951,"CF.403"
63977,"CF.403"
63985,"CF.123"
63988,"CF.115"
64000,"CF.121"
64009,"CF.105"
64026,"CF.125"
64040,"CF.111"
64059,"CF.123"
64133,"CF.205"
64135,"CF.111"
64160,"CF.115"
64163,"CF.109"
64164,"CF.119"
64170,"CF.602"
64206,"CF.109"
64221,"CF.212"
64244,"CF.410"
64266,"CF.111"
64270,"CF.105"
64272,"CF.134"
64285,"CF.604"
64325,"CF.417"
64381,"CF.245"
64402,"CF.604"
64420,"CF.111"
64430,"CF.242"
64436,"CF.413"
64438,"CF.401"
64473,"CF.123"
64480,"CF.242"
64481,"CF.221"
64490,"CF.103"
64500,"CF.126"
64507,"CF.109"
64515,"CF.111"
64524,"CF.109"
64528,"CF.603"
64535,"CF.245"
64559,"CF.119"
64563,"CF.218"
64591,"CF.603"
64594,"CF.135"
64629,"CF.123"
64666,"CF.109"
64677,"CF.212"
64704,"CF.410"
64710,"CF.111"
64713,"CF.404"
64728,"CF.209"
64742,"CF.413"
64754,"CF.111"
64760,"CF.127"
64770,"CF.105"
64777,"CF.125"
64846,"CF.212"
64859,"CF.111"
64870,"CF.604"
64877,"CF.111"
64883,"CF.111"
64891,"CF.604"
64895,"CF.102"
64919,"CF.111"
64925,"CF.124"
64939,"CF.242"
64940,"CF.205"
64943,"CF.119"
64958,"CF.105"
64959,"CF.111"
64971,"CF.119"
65037,"CF.111"
65039,"CF.602"
65097,"CF.111"
65133,"CF.413"
65141,"CF.204"
65154,"CF.123"
65159,"CF.135"
65185,"CF.109"
65249,"CF.111"
65250,"CF.249"
65258,"CF.126"
65260,"CF.105"
65263,"CF.209"
65270,"CF.604"
65272,"CF.134"
65277,"CF.111"
65286,"CF.125"
65291,"CF.402"
65302,"CF.105"
65307,"CF.107"
65370,"CF.410"
65399,"CF.402"
65410,"CF.601"
65419,"CF.132"
65428,"CF.123"
65486,"CF.134"
65503,"CF.115"
65509,"CF.114"
65572,"CF.601"
65600,"CF.417"
65609,"CF.128"
65611,"CF.134"
65662,"CF.602"
65663,"CF.245"
65672,"CF.119"
65680,"CF.132"
65704,"CF.211"
65706,"CF.105"
65726,"CF.108"
65732,"CF.117"
65750,"CF.237"
65754,"CF.113"
65777,"CF.103"
65793,"CF.111"
65820,"CF.111"
65828,"CF.402"
65865,"CF.107"
65887,"CF.132"
65920,"CF.420"
65936,"CF.602"
65949,"CF.111"
65952,"CF.117"
65971,"CF.132"
65976,"CF.404"
65979,"CF.117"
65981,"CF.410"
65986,"CF.404"
65995,"CF.402"
65999,"CF.201"
66004,"CF.402"
66016,"CF.109"
66022,"CF.102"
66044,"CF.417"
66049,"CF.124"
66055,"CF.132"
66087,"CF.119"
66112,"CF.109"
66126,"CF.261"
66138,"CF.601"
66144,"CF.401"
66145,"CF.602"
66160,"CF.132"
66178,"CF.604"
66181,"CF.132"
66222,"CF.122"
66232,"CF.201"
66236,"CF.410"
66248,"CF.604"
66259,"CF.233"
66264,"CF.111"
66278,"CF.127"
66309,"CF.105"
66326,"CF.105"
66328,"CF.123"
66332,"CF.128"
66333,"CF.123"
66339,"CF.205"
66346,"CF.603"
66347,"CF.603"
66352,"CF.413"
66357,"CF.123"
66380,"CF.603"
66390,"CF.133"
66419,"CF.126"
66457,"CF.402"
66463,"CF.228"
66472,"CF.410"
66476,"CF.132"
66493,"CF.602"
66531,"CF.123"
66550,"CF.119"
66594,"CF.134"
66640,"CF.135"
66679,"CF.233"
66694,"CF.413"
66714,"CF.604"
66717,"CF.105"
66743,"CF.111"
66754,"CF.402"
66813,"CF.410"
66833,"CF.221"
66864,"CF.105"
66883,"CF.115"
66929,"CF.402"
66935,"CF.102"
66937,"CF.103"
66964,"CF.245"
66973,"CF.107"
66995,"CF.402"
66997,"CF.264"
67000,"CF.123"
67050,"CF.111"
67058,"CF.111"
67069,"CF.402"
67073,"CF.242"
67098,"CF.604"
67110,"CF.111"
67123,"CF.111"
67145,"CF.103"
67150,"CF.402"
67162,"CF.106"
67164,"CF.413"
67196,"CF.109"
67219,"CF.111"
67226,"CF.111"
67250,"CF.115"
67261,"CF.111"
67274,"CF.604"
67280,"CF.604"
67292,"CF.115"
67305,"CF.111"
67309,"CF.204"
67322,"CF.105"
67333,"CF.105"
67334,"CF.111"
67348,"CF.109"
67354,"CF.123"
67393,"CF.132"
67397,"CF.404"
67409,"CF.404"
67417,"CF.111"
67430,"CF.114"
67434,"CF.604"
67454,"CF.604"
67469,"CF.133"
67497,"CF.404"
67501,"CF.109"
67502,"CF.105"
67509,"CF.109"
67538,"CF.111"
67549,"CF.404"
67564,"CF.213"
67599,"CF.101"
67629,"CF.125"
67645,"CF.222"
67667,"CF.129"
67682,"CF.124"
67690,"CF.402"
67693,"CF.410"
67709,"CF.404"
67752,"CF.605"
67758,"CF.103"
67767,"CF.105"
67787,"CF.218"
67789,"CF.402"
67805,"CF.242"
67823,"CF.242"
67829,"CF.115"
67833,"CF.242"
67836,"CF.136"
67880,"CF.123"
67882,"CF.242"
67891,"CF.242"
67912,"CF.410"
67916,"CF.105"
67924,"CF.242"
67925,"CF.221"
67927,"CF.218"
67930,"CF.403"
67931,"CF.404"
67960,"CF.402"
67966,"CF.111"
67974,"CF.134"
68040,"CF.221"
68042,"CF.111"
68046,"CF.114"
68047,"CF.105"
68051,"CF.109"
68056,"CF.410"
68060,"CF.604"
68081,"CF.402"
68086,"CF.119"
68088,"CF.242"
68090,"CF.117"
68104,"CF.111"
68108,"CF.404"
68158,"CF.602"
68181,"CF.604"
68186,"CF.123"
68192,"CF.111"
68199,"CF.410"
68205,"CF.113"
68207,"CF.107"
68242,"CF.123"
68244,"CF.410"
68250,"CF.113"
68252,"CF.402"
68279,"CF.501"
68281,"CF.602"
68291,"CF.132"
68299,"CF.111"
68309,"CF.402"
68312,"CF.402"
68325,"CF.136"
68359,"CF.105"
68365,"CF.136"
68381,"CF.117"
68384,"CF.134"
68417,"CF.245"
68439,"CF.113"
68442,"CF.604"
68445,"CF.111"
68463,"CF.123"
68474,"CF.124"
68495,"CF.123"
68515,"CF.111"
68527,"CF.111"
68599,"CF.402"
68603,"CF.111"
68608,"CF.410"
68616,"CF.401"
68621,"CF.111"
68625,"CF.105"
68652,"CF.404"
68661,"CF.103"
68664,"CF.123"
68679,"CF.404"
68701,"CF.113"
68703,"CF.133"
68704,"CF.111"
68709,"CF.252"
68714,"CF.242"
68715,"CF.111"
68725,"CF.111"
68745,"CF.111"
68787,"CF.602"
68798,"CF.111"
68830,"CF.111"
68844,"CF.402"
68848,"CF.113"
68873,"CF.124"
68875,"CF.402"
68877,"CF.402"
68892,"CF.209"
68925,"CF.123"
68931,"CF.109"
68940,"CF.402"
68941,"CF.101"
68950,"CF.101"
68959,"CF.108"
68970,"CF.109"
69002,"CF.256"
69008,"CF.210"
69018,"CF.410"
69037,"CF.121"
69048,"CF.121"
69107,"CF.111"
69147,"CF.128"
69159,"CF.105"
69169,"CF.123"
69186,"CF.245"
69210,"CF.123"
69217,"CF.125"
69230,"CF.604"
69241,"CF.121"
69242,"CF.111"
69275,"CF.113"
69281,"CF.105"
69282,"CF.249"
69289,"CF.410"
69291,"CF.128"
69312,"CF.258"
69315,"CF.112"
69320,"CF.131"
69345,"CF.127"
69355,"CF.111"
69386,"CF.121"
69407,"CF.115"
69409,"CF.127"
69423,"CF.404"
69425,"CF.105"
69439,"CF.217"
69449,"CF.401"
69467,"CF.401"
69468,"CF.109"
69475,"CF.402"
69485,"CF.109"
69487,"CF.121"
69503,"CF.402"
69507,"CF.102"
69526,"CF.123"
69527,"CF.401"
69538,"CF.245"
69564,"CF.402"
69639,"CF.401"
69641,"CF.135"
69646,"CF.601"
69667,"CF.413"
69668,"CF.109"
69669,"CF.402"
69715,"CF.402"
69720,"CF.109"
69732,"CF.402"
69780,"CF.245"
69789,"CF.136"
69797,"CF.401"
69819,"CF.410"
69829,"CF.105"
69853,"CF.420"
69859,"CF.401"
69890,"CF.258"
69894,"CF.123"
69921,"CF.115"
69923,"CF.211"
69949,"CF.111"
69953,"CF.602"
69971,"CF.111"
69988,"CF.242"
70002,"CF.258"
70010,"CF.119"
70062,"CF.245"
70080,"CF.121"
70091,"CF.604"
70128,"CF.258"
70131,"CF.132"
70134,"CF.401"
70180,"CF.413"
70183,"CF.121"
70185,"CF.242"
70198,"CF.410"
70209,"CF.245"
70217,"CF.111"
70220,"CF.111"
70221,"CF.132"
70227,"CF.111"
70232,"CF.403"
70243,"CF.119"
70246,"CF.115"
70280,"CF.245"
70292,"CF.258"
70299,"CF.111"
70311,"CF.245"
70328,"CF.105"
70337,"CF.121"
70348,"CF.401"
70353,"CF.401"
70355,"CF.121"
70379,"CF.258"
70386,"CF.407"
70422,"CF.243"
70429,"CF.401"
70461,"CF.121"
70468,"CF.401"
70485,"CF.101"
70494,"CF.119"
70522,"CF.202"
70528,"CF.123"
70554,"CF.111"
70556,"CF.109"
70563,"CF.125"
70569,"CF.115"
70591,"CF.119"
70603,"CF.403"
70608,"CF.242"
70615,"CF.111"
70621,"CF.111"
70653,"CF.121"
70659,"CF.132"
70667,"CF.401"
70668,"CF.410"
70676,"CF.123"
70684,"CF.204"
70698,"CF.413"
70700,"CF.403"
70717,"CF.402"
70724,"CF.123"
70738,"CF.121"
70739,"CF.121"
70740,"CF.219"
70744,"CF.503"
70751,"CF.111"
70779,"CF.132"
70784,"CF.128"
70787,"CF.109"
70810,"CF.109"
70817,"CF.602"
70823,"CF.410"
70874,"CF.102"
70884,"CF.221"
70885,"CF.250"
70890,"CF.258"
70901,"CF.245"
70904,"CF.121"
70921,"CF.602"
70924,"CF.402"
70936,"CF.111"
70946,"CF.403"
70966,"CF.101"
70969,"CF.402"
70997,"CF.602"
71022,"CF.221"
71043,"CF.123"
71050,"CF.123"
71118,"CF.121"
71160,"CF.410"
71187,"CF.103"
71208,"CF.111"
71230,"CF.603"
71240,"CF.105"
71309,"CF.242"
71316,"CF.111"
71320,"CF.124"
71326,"CF.132"
71331,"CF.242"
71346,"CF.134"
71359,"CF.111"
71392,"CF.103"
71457,"CF.601"
71479,"CF.111"
71487,"CF.132"
71496,"CF.110"
71504,"CF.119"
71546,"CF.111"
71553,"CF.249"
71607,"CF.128"
71622,"CF.125"
71651,"CF.132"
71683,"CF.101"
71716,"CF.111"
71783,"CF.418"
71787,"CF.103"
71805,"CF.202"
71853,"CF.132"
71854,"CF.402"
71909,"CF.604"
71960,"CF.117"
71997,"CF.115"
71999,"CF.132"
72019,"CF.101"
72038,"CF.123"
72051,"CF.115"
72068,"CF.134"
72094,"CF.132"
72097,"CF.129"
72201,"CF.604"
72244,"CF.604"
72255,"CF.132"
72287,"CF.134"
72301,"CF.132"
72313,"CF.109"
72341,"CF.111"
72365,"CF.132"
72380,"CF.119"
72388,"CF.249"
72389,"CF.212"
72428,"CF.221"
72433,"CF.129"
72494,"CF.601"
72519,"CF.604"
72529,"CF.123"
72559,"CF.413"
72602,"CF.132"
72611,"CF.132"
72620,"CF.132"
72625,"CF.221"
72658,"CF.221"
72668,"CF.128"
72708,"CF.603"
72729,"CF.123"
72735,"CF.132"
72759,"CF.111"
72783,"CF.125"
72791,"CF.123"
72804,"CF.101"
72840,"CF.123"
72851,"CF.123"
72886,"CF.221"
72941,"CF.212"
72976,"CF.410"
73014,"CF.221"
73024,"CF.117"
73073,"CF.123"
73079,"CF.603"
73080,"CF.123"
73213,"CF.123"
73225,"CF.101"
73241,"CF.132"
73246,"CF.410"
73273,"CF.127"
73282,"CF.132"
73296,"CF.101"
73304,"CF.115"
73308,"CF.242"
73309,"CF.132"
73310,"CF.132"
73324,"CF.123"
73345,"CF.410"
73348,"CF.212"
73359,"CF.106"
73382,"CF.132"
73393,"CF.603"
73403,"CF.410"
73416,"CF.125"
73427,"CF.264"
73493,"CF.129"
73569,"CF.202"
73576,"CF.132"
73609,"CF.123"
73629,"CF.410"
73632,"CF.113"
73672,"CF.222"
73687,"CF.221"
73688,"CF.132"
73713,"CF.605"
73739,"CF.603"
73786,"CF.403"
73797,"CF.123"
73801,"CF.242"
73835,"CF.132"
73846,"CF.123"
73848,"CF.205"
73854,"CF.418"
73870,"CF.123"
73950,"CF.111"
73953,"CF.132"
73954,"CF.128"
73963,"CF.418"
73983,"CF.123"
74022,"CF.132"
74031,"CF.604"
74036,"CF.134"
74105,"CF.111"
74118,"CF.123"
74150,"CF.132"
74178,"CF.113"
74182,"CF.132"
74192,"CF.119"
74205,"CF.102"
74237,"CF.410"
74274,"CF.132"
74326,"CF.101"
74380,"CF.254"
74385,"CF.132"
74454,"CF.212"
74462,"CF.111"
74535,"CF.132"
74544,"CF.123"
74559,"CF.410"
74572,"CF.407"
74573,"CF.402"
74582,"CF.115"
74615,"CF.109"
74616,"CF.242"
74655,"CF.221"
74665,"CF.128"
74681,"CF.111"
74690,"CF.402"
74699,"CF.123"
74722,"CF.125"
74726,"CF.105"
74729,"CF.221"
74759,"CF.124"
74795,"CF.603"
74821,"CF.109"
74825,"CF.123"
74860,"CF.213"
74876,"CF.113"
74895,"CF.108"
74922,"CF.109"
74928,"CF.111"
74979,"CF.113"
75020,"CF.410"
75025,"CF.105"
75043,"CF.111"
75055,"CF.242"
75089,"CF.124"
75097,"CF.108"
75110,"CF.101"
75122,"CF.123"
75132,"CF.604"
75133,"CF.256"
75148,"CF.407"
75162,"CF.123"
75200,"CF.404"
75203,"CF.111"
75208,"CF.111"
75220,"CF.111"
75227,"CF.403"
75228,"CF.404"
75240,"CF.111"
75260,"CF.218"
75268,"CF.132"
75359,"CF.111"
75360,"CF.123"
75363,"CF.407"
75367,"CF.242"
75389,"CF.111"
75390,"CF.404"
75391,"CF.105"
75395,"CF.410"
75397,"CF.245"
75399,"CF.213"
75401,"CF.105"
75406,"CF.134"
75412,"CF.123"
75425,"CF.110"
75482,"CF.221"
75523,"CF.410"
75537,"CF.106"
75544,"CF.407"
75552,"CF.266"
75578,"CF.123"
75583,"CF.126"
75585,"CF.132"
75588,"CF.101"
75611,"CF.123"
75647,"CF.109"
75660,"CF.123"
75683,"CF.218"
75700,"CF.132"
75707,"CF.123"
75729,"CF.125"
75744,"CF.111"
75787,"CF.136"
75798,"CF.111"
75807,"CF.101"
75835,"CF.245"
75841,"CF.604"
75845,"CF.109"
75850,"CF.402"
75858,"CF.123"
75863,"CF.402"
75879,"CF.132"
75881,"CF.258"
75904,"CF.111"
75905,"CF.501"
75908,"CF.123"
75911,"CF.604"
75923,"CF.115"
75925,"CF.132"
75930,"CF.501"
75961,"CF.117"
75971,"CF.123"
75974,"CF.603"
75981,"CF.132"
76006,"CF.420"
76044,"CF.109"
76046,"CF.115"
76052,"CF.105"
76055,"CF.402"
76062,"CF.132"
76091,"CF.219"
76126,"CF.206"
76157,"CF.109"
76162,"CF.111"
76164,"CF.402"
76168,"CF.202"
76173,"CF.420"
76181,"CF.109"
76184,"CF.115"
76188,"CF.124"
76192,"CF.103"
76203,"CF.124"
76206,"CF.111"
76219,"CF.402"
76234,"CF.111"
76235,"CF.115"
76273,"CF.245"
76274,"CF.410"
76277,"CF.233"
76280,"CF.403"
76287,"CF.111"
76299,"CF.420"
76301,"CF.402"
76339,"CF.242"
76356,"CF.604"
76359,"CF.245"
76367,"CF.407"
76420,"CF.209"
76450,"CF.115"
76451,"CF.245"
76466,"CF.132"
76496,"CF.242"
76504,"CF.105"
76518,"CF.109"
76534,"CF.413"
76553,"CF.218"
76556,"CF.111"
76565,"CF.402"
76571,"CF.413"
76582,"CF.402"
76614,"CF.125"
76616,"CF.605"
76624,"CF.123"
76642,"CF.245"
76645,"CF.115"
76659,"CF.125"
76674,"CF.115"
76683,"CF.242"
76711,"CF.233"
76755,"CF.134"
76770,"CF.111"
76880,"CF.221"
76882,"CF.123"
76887,"CF.132"
76897,"CF.402"
76954,"CF.101"
76965,"CF.117"
76966,"CF.111"
76987,"CF.245"
77032,"CF.124"
77044,"CF.111"
77045,"CF.132"
77051,"CF.129"
77106,"CF.219"
77117,"CF.111"
77136,"CF.133"
77150,"CF.402"
77184,"CF.413"
77206,"CF.102"
77261,"CF.218"
77268,"CF.132"
77271,"CF.127"
77277,"CF.103"
77292,"CF.101"
77295,"CF.402"
77297,"CF.123"
77300,"CF.117"
77317,"CF.218"
77342,"CF.115"
77347,"CF.117"
77357,"CF.410"
77362,"CF.221"
77383,"CF.134"
77399,"CF.402"
77417,"CF.413"
77540,"CF.403"
77554,"CF.402"
77562,"CF.109"
77571,"CF.134"
77614,"CF.123"
77618,"CF.111"
77642,"CF.211"
77667,"CF.117"
77683,"CF.111"
77689,"CF.101"
77692,"CF.126"
77694,"CF.109"
77769,"CF.125"
77770,"CF.123"
77778,"CF.604"
77818,"CF.119"
77844,"CF.105"
77880,"CF.402"
77881,"CF.134"
77882,"CF.105"
77891,"CF.261"
77909,"CF.101"
77921,"CF.109"
77928,"CF.105"
77941,"CF.105"
77960,"CF.126"
78007,"CF.205"
78025,"CF.109"
78034,"CF.134"
78046,"CF.111"
78053,"CF.604"
78098,"CF.108"
78108,"CF.402"
78109,"CF.109"
78111,"CF.111"
78132,"CF.133"
78133,"CF.105"
78147,"CF.402"
78200,"CF.245"
78205,"CF.123"
78234,"CF.243"
78267,"CF.123"
78268,"CF.126"
78271,"CF.117"
78280,"CF.111"
78286,"CF.402"
78314,"CF.402"
78323,"CF.103"
78334,"CF.129"
78335,"CF.212"
78368,"CF.111"
78394,"CF.125"
78401,"CF.132"
78424,"CF.402"
78430,"CF.221"
78451,"CF.245"
78462,"CF.107"
78473,"CF.119"
78497,"CF.123"
78498,"CF.111"
78507,"CF.122"
78521,"CF.111"
78528,"CF.604"
78531,"CF.602"
78532,"CF.222"
78537,"CF.410"
78553,"CF.402"
78565,"CF.107"
78610,"CF.123"
78611,"CF.404"
78627,"CF.105"
78632,"CF.101"
78722,"CF.405"
78723,"CF.123"
78731,"CF.219"
78737,"CF.252"
78745,"CF.402"
78766,"CF.109"
78768,"CF.602"
78772,"CF.602"
78784,"CF.402"
78798,"CF.605"
78833,"CF.125"
78834,"CF.205"
78838,"CF.403"
78840,"CF.242"
78863,"CF.132"
78874,"CF.402"
78886,"CF.204"
78893,"CF.261"
78902,"CF.103"
78915,"CF.132"
78968,"CF.123"
79001,"CF.132"
79018,"CF.218"
79020,"CF.119"
79023,"CF.402"
79024,"CF.115"
79033,"CF.404"
79034,"CF.402"
79047,"CF.402"
79056,"CF.402"
79066,"CF.402"
79072,"CF.132"
79103,"CF.111"
79109,"CF.123"
79114,"CF.602"
79151,"CF.122"
79181,"CF.123"
79182,"CF.123"
79195,"CF.123"
79198,"CF.111"
79201,"CF.249"
79205,"CF.132"
79213,"CF.124"
79235,"CF.245"
79237,"CF.134"
79244,"CF.123"
79250,"CF.111"
79368,"CF.133"
79384,"CF.245"
79385,"CF.123"
79387,"CF.601"
79397,"CF.123"
79411,"CF.604"
79413,"CF.402"
79419,"CF.109"
79426,"CF.242"
79435,"CF.413"
79445,"CF.132"
79446,"CF.413"
79447,"CF.410"
79452,"CF.123"
79504,"CF.111"
79525,"CF.111"
79545,"CF.111"
79560,"CF.218"
79577,"CF.206"
79587,"CF.119"
79588,"CF.123"
79607,"CF.402"
79612,"CF.123"
79623,"CF.109"
79694,"CF.221"
79700,"CF.402"
79705,"CF.128"
79711,"CF.403"
79715,"CF.405"
79733,"CF.111"
79745,"CF.413"
79750,"CF.217"
79758,"CF.111"
79768,"CF.115"
79771,"CF.109"
79795,"CF.402"
79807,"CF.123"
79812,"CF.135"
79840,"CF.132"
79877,"CF.218"
79879,"CF.117"
79902,"CF.405"
79942,"CF.410"
79966,"CF.123"
79969,"CF.123"
79976,"CF.221"
79990,"CF.111"
79991,"CF.604"
79998,"CF.126"
80013,"CF.221"
80034,"CF.124"
80057,"CF.101"
80104,"CF.402"
80106,"CF.123"
80140,"CF.105"
80148,"CF.111"
80152,"CF.132"
80158,"CF.119"
80164,"CF.119"
80174,"CF.125"
80178,"CF.132"
80187,"CF.123"
80189,"CF.109"
80197,"CF.132"
80205,"CF.402"
80245,"CF.132"
80255,"CF.602"
80258,"CF.242"
80269,"CF.245"
80365,"CF.402"
80376,"CF.604"
80389,"CF.123"
80398,"CF.123"
80406,"CF.105"
80409,"CF.221"
80419,"CF.123"
80424,"CF.266"
80425,"CF.129"
80427,"CF.601"
80433,"CF.221"
80437,"CF.103"
80446,"CF.115"
80451,"CF.115"
80471,"CF.402"
80490,"CF.402"
80491,"CF.115"
80492,"CF.604"
80493,"CF.116"
80497,"CF.402"
80517,"CF.116"
80527,"CF.132"
80532,"CF.105"
80541,"CF.128"
80543,"CF.402"
80569,"CF.132"
80581,"CF.132"
80582,"CF.123"
80606,"CF.124"
80626,"CF.254"
80649,"CF.133"
80656,"CF.402"
80657,"CF.134"
80665,"CF.101"
80676,"CF.402"
80679,"CF.266"
80681,"CF.132"
80688,"CF.119"
80691,"CF.101"
80705,"CF.128"
80712,"CF.123"
80722,"CF.124"
80736,"CF.115"
80744,"CF.124"
80755,"CF.115"
80756,"CF.111"
80757,"CF.111"
80778,"CF.402"
80792,"CF.604"
80799,"CF.133"
80828,"CF.221"
80830,"CF.111"
80835,"CF.111"
80846,"CF.109"
80875,"CF.503"
80879,"CF.115"
80881,"CF.211"
80892,"CF.111"
80895,"CF.111"
80910,"CF.133"
80945,"CF.111"
80967,"CF.105"
80976,"CF.105"
80999,"CF.108"
81011,"CF.101"
81020,"CF.242"
81025,"CF.115"
81038,"CF.134"
81048,"CF.123"
81050,"CF.111"
81061,"CF.111"
81066,"CF.415"
81081,"CF.124"
81086,"CF.111"
81088,"CF.127"
81089,"CF.111"
81125,"CF.245"
81136,"CF.124"
81141,"CF.123"
81146,"CF.242"
81149,"CF.123"
81153,"CF.117"
81159,"CF.209"
81190,"CF.134"
81207,"CF.109"
81220,"CF.402"
81255,"CF.242"
81270,"CF.102"
81275,"CF.218"
81278,"CF.115"
81286,"CF.111"
81288,"CF.111"
81313,"CF.133"
81330,"CF.123"
81342,"CF.604"
81388,"CF.111"
81393,"CF.124"
81403,"CF.413"
81446,"CF.417"
81452,"CF.123"
81479,"CF.604"
81502,"CF.420"
81508,"CF.107"
81539,"CF.125"
81544,"CF.136"
81552,"CF.258"
81570,"CF.109"
81592,"CF.402"
81598,"CF.123"
81631,"CF.123"
81632,"CF.111"
81635,"CF.402"
81636,"CF.111"
81686,"CF.111"
81691,"CF.103"
81716,"CF.115"
81783,"CF.128"
81791,"CF.115"
81794,"CF.413"
81825,"CF.123"
81835,"CF.111"
81845,"CF.128"
81850,"CF.101"
81878,"CF.111"
81897,"CF.413"
81909,"CF.503"
81922,"CF.111"
81928,"CF.123"
81940,"CF.111"
81956,"CF.413"
81957,"CF.123"
81978,"CF.605"
82003,"CF.111"
82008,"CF.111"
82011,"CF.125"
82015,"CF.233"
82016,"CF.114"
82035,"CF.402"
82054,"CF.243"
82100,"CF.261"
82117,"CF.114"
82136,"CF.403"
82169,"CF.420"
82187,"CF.245"
82203,"CF.604"
82213,"CF.132"
82215,"CF.218"
82236,"CF.119"
82253,"CF.109"
82264,"CF.604"
82266,"CF.111"
82271,"CF.245"
82283,"CF.111"
82285,"CF.111"
82286,"CF.402"
82312,"CF.105"
82316,"CF.109"
82346,"CF.218"
82349,"CF.402"
82362,"CF.105"
82363,"CF.242"
82380,"CF.129"
82386,"CF.123"
82400,"CF.604"
82406,"CF.132"
82412,"CF.604"
82430,"CF.133"
82432,"CF.604"
82447,"CF.129"
82465,"CF.109"
82471,"CF.109"
82475,"CF.248"
82480,"CF.111"
82487,"CF.415"
82488,"CF.420"
82494,"CF.111"
82505,"CF.119"
82515,"CF.117"
82533,"CF.111"
82542,"CF.133"
82546,"CF.242"
82552,"CF.206"
82562,"CF.119"
82564,"CF.133"
82568,"CF.410"
82576,"CF.133"
82582,"CF.602"
82592,"CF.123"
82596,"CF.111"
82598,"CF.601"
82612,"CF.107"
82617,"CF.111"
82627,"CF.113"
82628,"CF.245"
82663,"CF.133"
82677,"CF.119"
82680,"CF.221"
82685,"CF.250"
82732,"CF.245"
82742,"CF.242"
82746,"CF.242"
82753,"CF.218"
82788,"CF.123"
82814,"CF.132"
82839,"CF.125"
82863,"CF.245"
82883,"CF.209"
82919,"CF.218"
82931,"CF.245"
82964,"CF.109"
82968,"CF.402"
82977,"CF.242"
82998,"CF.123"
83010,"CF.117"
83032,"CF.251"
83036,"CF.133"
83046,"CF.133"
83060,"CF.403"
83086,"CF.420"
83110,"CF.103"
83114,"CF.132"
83135,"CF.132"
83167,"CF.242"
83170,"CF.111"
83197,"CF.402"
83208,"CF.202"
83246,"CF.242"
83253,"CF.109"
83279,"CF.134"
83313,"CF.132"
83344,"CF.403"
83349,"CF.111"
83350,"CF.109"
83355,"CF.254"
83368,"CF.125"
83394,"CF.133"
83414,"CF.211"
83429,"CF.109"
83435,"CF.113"
83442,"CF.206"
83455,"CF.134"
83471,"CF.125"
83513,"CF.413"
83514,"CF.111"
83516,"CF.134"
83521,"CF.242"
83589,"CF.123"
83595,"CF.266"
83606,"CF.218"
83608,"CF.123"
83613,"CF.123"
83627,"CF.128"
83645,"CF.245"
83647,"CF.128"
83660,"CF.128"
83669,"CF.109"
83680,"CF.115"
83688,"CF.242"
83719,"CF.128"
83729,"CF.134"
83732,"CF.125"
83735,"CF.115"
83770,"CF.125"
83778,"CF.113"
83799,"CF.604"
83801,"CF.134"
83835,"CF.404"
83841,"CF.101"
83855,"CF.101"
83890,"CF.604"
83892,"CF.111"
83907,"CF.123"
83911,"CF.123"
83960,"CF.111"
83991,"CF.101"
83996,"CF.211"
84000,"CF.242"
84046,"CF.128"
84083,"CF.221"
84102,"CF.125"
84123,"CF.109"
84132,"CF.134"
84140,"CF.111"
84154,"CF.601"
84159,"CF.134"
84167,"CF.123"
84169,"CF.221"
84180,"CF.242"
84184,"CF.132"
84194,"CF.242"
84198,"CF.125"
84214,"CF.115"
84229,"CF.402"
84231,"CF.127"
84235,"CF.111"
84236,"CF.119"
84261,"CF.132"
84263,"CF.123"
84283,"CF.402"
84315,"CF.111"
84342,"CF.404"
84345,"CF.604"
84360,"CF.245"
84366,"CF.119"
84371,"CF.245"
84408,"CF.245"
84417,"CF.402"
84432,"CF.111"
84442,"CF.402"
84450,"CF.258"
84492,"CF.134"
84504,"CF.132"
84505,"CF.125"
84521,"CF.404"
84538,"CF.109"
84599,"CF.218"
84615,"CF.133"
84622,"CF.111"
84664,"CF.108"
84676,"CF.249"
84695,"CF.111"
84696,"CF.420"
84711,"CF.604"
84718,"CF.126"
84767,"CF.242"
84787,"CF.125"
84805,"CF.242"
84811,"CF.103"
84818,"CF.133"
84851,"CF.115"
84876,"CF.410"
84909,"CF.123"
84920,"CF.242"
84944,"CF.133"
84947,"CF.403"
84967,"CF.403"
84974,"CF.242"
84977,"CF.245"
85002,"CF.402"
85013,"CF.134"
85014,"CF.126"
85080,"CF.206"
85085,"CF.102"
85095,"CF.402"
85109,"CF.101"
85121,"CF.132"
85124,"CF.245"
85145,"CF.242"
85161,"CF.123"
85169,"CF.109"
85172,"CF.121"
85182,"CF.206"
85190,"CF.124"
85259,"CF.602"
85263,"CF.132"
85266,"CF.117"
85273,"CF.501"
85290,"CF.242"
85293,"CF.402"
85296,"CF.604"
85301,"CF.128"
85328,"CF.123"
85369,"CF.261"
85396,"CF.402"
85408,"CF.123"
85420,"CF.242"
85425,"CF.218"
85426,"CF.113"
85439,"CF.245"
85449,"CF.123"
85474,"CF.111"
85489,"CF.402"
85491,"CF.111"
85523,"CF.602"
85540,"CF.125"
85554,"CF.132"
85557,"CF.117"
85571,"CF.242"
85603,"CF.602"
85618,"CF.125"
85623,"CF.402"
85624,"CF.124"
85635,"CF.105"
85637,"CF.201"
85667,"CF.124"
85669,"CF.602"
85717,"CF.125"
85718,"CF.111"
85783,"CF.105"
85784,"CF.404"
85790,"CF.242"
85805,"CF.111"
85828,"CF.129"
85837,"CF.242"
85838,"CF.237"
85839,"CF.402"
85864,"CF.113"
85877,"CF.402"
85882,"CF.134"
85886,"CF.420"
85887,"CF.111"
85890,"CF.602"
85893,"CF.407"
85895,"CF.402"
85908,"CF.404"
85913,"CF.404"
85936,"CF.407"
85941,"CF.109"
85977,"CF.119"
85981,"CF.111"
86021,"CF.407"
86043,"CF.103"
86068,"CF.105"
86069,"CF.407"
86083,"CF.220"
86137,"CF.218"
86151,"CF.101"
86162,"CF.407"
86223,"CF.124"
86243,"CF.402"
86247,"CF.602"
86257,"CF.602"
86273,"CF.101"
86277,"CF.111"
86280,"CF.214"
86299,"CF.126"
86309,"CF.105"
86319,"CF.109"
86321,"CF.218"
86329,"CF.254"
86346,"CF.111"
86351,"CF.404"
86385,"CF.124"
86396,"CF.413"
86400,"CF.218"
86401,"CF.111"
86405,"CF.103"
86441,"CF.111"
86473,"CF.109"
86476,"CF.503"
86477,"CF.602"
86500,"CF.210"
86503,"CF.128"
86504,"CF.132"
86509,"CF.602"
86538,"CF.407"
86584,"CF.242"
86593,"CF.137"
86604,"CF.404"
86627,"CF.115"
86638,"CF.125"
86642,"CF.101"
86648,"CF.128"
86663,"CF.405"
86671,"CF.109"
86672,"CF.604"
86683,"CF.110"
86685,"CF.132"
86695,"CF.137"
86698,"CF.218"
86717,"CF.413"
86720,"CF.242"
86722,"CF.407"
86748,"CF.602"
86760,"CF.111"
86765,"CF.218"
86775,"CF.245"
86798,"CF.242"
86821,"CF.132"
86831,"CF.245"
86836,"CF.115"
86844,"CF.221"
86850,"CF.111"
86887,"CF.420"
86894,"CF.109"
86911,"CF.115"
86951,"CF.111"
86984,"CF.111"
86991,"CF.109"
86992,"CF.402"
87024,"CF.242"
87030,"CF.420"
87032,"CF.111"
87055,"CF.111"
87060,"CF.111"
87071,"CF.133"
87099,"CF.111"
87146,"CF.111"
87151,"CF.105"
87163,"CF.402"
87169,"CF.111"
87171,"CF.132"
87216,"CF.233"
87241,"CF.219"
87242,"CF.124"
87246,"CF.123"
87250,"CF.101"
87251,"CF.111"
87262,"CF.119"
87267,"CF.420"
87317,"CF.133"
87327,"CF.111"
87369,"CF.111"
87384,"CF.115"
87394,"CF.123"
87425,"CF.402"
87430,"CF.203"
87449,"CF.218"
87450,"CF.117"
87460,"CF.111"
87461,"CF.105"
87464,"CF.402"
87468,"CF.123"
87476,"CF.111"
87505,"CF.124"
87521,"CF.111"
87544,"CF.111"
87546,"CF.242"
87573,"CF.404"
87602,"CF.115"
87630,"CF.404"
87650,"CF.105"
87670,"CF.420"
87673,"CF.123"
87693,"CF.111"
87695,"CF.111"
87696,"CF.404"
87709,"CF.119"
87717,"CF.105"
87726,"CF.217"
87753,"CF.102"
87767,"CF.211"
87775,"CF.123"
87795,"CF.420"
87816,"CF.105"
87819,"CF.128"
87823,"CF.109"
87828,"CF.111"
87832,"CF.109"
87833,"CF.111"
87841,"CF.125"
87855,"CF.245"
87866,"CF.242"
87867,"CF.105"
87870,"CF.109"
87888,"CF.103"
87898,"CF.111"
87899,"CF.413"
87911,"CF.404"
87915,"CF.132"
87919,"CF.266"
87973,"CF.103"
87975,"CF.111"
87979,"CF.109"
88007,"CF.109"
88010,"CF.123"
88011,"CF.111"
88028,"CF.245"
88034,"CF.125"
88049,"CF.242"
88059,"CF.401"
88072,"CF.601"
88076,"CF.117"
88098,"CF.233"
88099,"CF.415"
88121,"CF.129"
88122,"CF.242"
88126,"CF.111"
88151,"CF.501"
88153,"CF.129"
88161,"CF.242"
88162,"CF.254"
88169,"CF.604"
88171,"CF.254"
88175,"CF.604"
88190,"CF.125"
88194,"CF.402"
88211,"CF.105"
88217,"CF.102"
88234,"CF.402"
88247,"CF.123"
88267,"CF.113"
88269,"CF.101"
88287,"CF.108"
88309,"CF.109"
88313,"CF.121"
88329,"CF.126"
88348,"CF.125"
88354,"CF.109"
88362,"CF.123"
88371,"CF.134"
88372,"CF.123"
88424,"CF.121"
88435,"CF.109"
88466,"CF.125"
88469,"CF.602"
88470,"CF.132"
88486,"CF.413"
88513,"CF.242"
88524,"CF.117"
88551,"CF.245"
88591,"CF.402"
88599,"CF.109"
88604,"CF.133"
88606,"CF.221"
88632,"CF.133"
88649,"CF.242"
88658,"CF.135"
88662,"CF.245"
88675,"CF.123"
88694,"CF.111"
88702,"CF.402"
88710,"CF.242"
88728,"CF.402"
88760,"CF.119"
88776,"CF.206"
88795,"CF.402"
88813,"CF.245"
88814,"CF.245"
88837,"CF.242"
88839,"CF.503"
88865,"CF.402"
88870,"CF.129"
88872,"CF.402"
88880,"CF.212"
88898,"CF.135"
88915,"CF.132"
88925,"CF.245"
88958,"CF.105"
88979,"CF.123"
89030,"CF.209"
89039,"CF.127"
89056,"CF.402"
89096,"CF.245"
89102,"CF.109"
89150,"CF.109"
89160,"CF.112"
89163,"CF.420"
89165,"CF.604"
89195,"CF.111"
89199,"CF.402"
89203,"CF.109"
89215,"CF.111"
89257,"CF.105"
89271,"CF.413"
89285,"CF.132"
89302,"CF.111"
89309,"CF.109"
89319,"CF.218"
89346,"CF.109"
89357,"CF.111"
89360,"CF.410"
89372,"CF.245"
89453,"CF.111"
89466,"CF.125"
89496,"CF.132"
89498,"CF.126"
89499,"CF.109"
89516,"CF.402"
89525,"CF.101"
89537,"CF.242"
89545,"CF.604"
89555,"CF.119"
89558,"CF.111"
89566,"CF.128"
89573,"CF.111"
89574,"CF.410"
89576,"CF.123"
89581,"CF.126"
89584,"CF.245"
89588,"CF.132"
89594,"CF.218"
89616,"CF.132"
89623,"CF.127"
89640,"CF.123"
89644,"CF.107"
89659,"CF.420"
89676,"CF.135"
89684,"CF.115"
89728,"CF.105"
89738,"CF.204"
89745,"CF.604"
89758,"CF.604"
89770,"CF.403"
89773,"CF.604"
89822,"CF.404"
89859,"CF.221"
89869,"CF.410"
89881,"CF.111"
89902,"CF.123"
89938,"CF.129"
89953,"CF.123"
89968,"CF.103"
89978,"CF.413"
89992,"CF.111"
90006,"CF.126"
90022,"CF.503"
90051,"CF.604"
90079,"CF.601"
90087,"CF.111"
90089,"CF.413"
90112,"CF.410"
90127,"CF.135"
90137,"CF.202"
90139,"CF.119"
90155,"CF.109"
90214,"CF.245"
90217,"CF.202"
90220,"CF.135"
90222,"CF.601"
90223,"CF.601"
90237,"CF.126"
90275,"CF.123"
90297,"CF.111"
90353,"CF.413"
90362,"CF.402"
90399,"CF.133"
90408,"CF.109"
90456,"CF.245"
90488,"CF.221"
90493,"CF.410"
90497,"CF.125"
90547,"CF.221"
90561,"CF.124"
90579,"CF.604"
90592,"CF.410"
90613,"CF.410"
90622,"CF.403"
90643,"CF.123"
90682,"CF.111"
90698,"CF.604"
90699,"CF.221"
90716,"CF.123"
90720,"CF.503"
90737,"CF.245"
90774,"CF.402"
90794,"CF.604"
90795,"CF.501"
90814,"CF.109"
90818,"CF.402"
90826,"CF.134"
90838,"CF.123"
90855,"CF.119"
90858,"CF.132"
90865,"CF.242"
90871,"CF.129"
90878,"CF.257"
90881,"CF.604"
90914,"CF.402"
90927,"CF.109"
90934,"CF.132"
90975,"CF.261"
91007,"CF.123"
91061,"CF.501"
91067,"CF.132"
91099,"CF.245"
91145,"CF.402"
91156,"CF.115"
91174,"CF.111"
91186,"CF.110"
91187,"CF.105"
91210,"CF.103"
91213,"CF.221"
91227,"CF.117"
91274,"CF.404"
91285,"CF.405"
91291,"CF.402"
91297,"CF.136"
91298,"CF.132"
91299,"CF.125"
91312,"CF.123"
91315,"CF.245"
91337,"CF.105"
91344,"CF.119"
91355,"CF.123"
91371,"CF.209"
91409,"CF.210"
91421,"CF.129"
91454,"CF.111"
91500,"CF.123"
91509,"CF.123"
91532,"CF.402"
91553,"CF.101"
91554,"CF.117"
91629,"CF.125"
91643,"CF.113"
91647,"CF.132"
91676,"CF.132"
91727,"CF.252"
91774,"CF.121"
91801,"CF.123"
91818,"CF.132"
91829,"CF.132"
91832,"CF.132"
91834,"CF.260"
91835,"CF.242"
91843,"CF.115"
91905,"CF.111"
91920,"CF.254"
91977,"CF.105"
91979,"CF.119"
91986,"CF.410"
91987,"CF.133"
91994,"CF.127"
92028,"CF.123"
92040,"CF.123"
92043,"CF.221"
92063,"CF.123"
92066,"CF.134"
92067,"CF.410"
92100,"CF.221"
92186,"CF.410"
92191,"CF.602"
92199,"CF.401"
92211,"CF.123"
92297,"CF.132"
92310,"CF.249"
92346,"CF.105"
92349,"CF.401"
92375,"CF.131"
92380,"CF.112"
92409,"CF.205"
92412,"CF.102"
92416,"CF.603"
92434,"CF.102"
92436,"CF.124"
92455,"CF.201"
92464,"CF.126"
92506,"CF.115"
92517,"CF.123"
92592,"CF.133"
92623,"CF.111"
92634,"CF.134"
92685,"CF.109"
92691,"CF.127"
92706,"CF.127"
92730,"CF.219"
92735,"CF.129"
92765,"CF.219"
92781,"CF.132"
92793,"CF.123"
92798,"CF.122"
92807,"CF.112"
92812,"CF.123"
92827,"CF.134"
92841,"CF.219"
92853,"CF.109"
92881,"CF.115"
92902,"CF.111"
92931,"CF.204"
92961,"CF.128"
92989,"CF.128"
92994,"CF.123"
92995,"CF.202"
93026,"CF.111"
93073,"CF.101"
93081,"CF.119"
93086,"CF.602"
93120,"CF.119"
93122,"CF.111"
93138,"CF.109"
93156,"CF.123"
93172,"CF.123"
93192,"CF.601"
93203,"CF.132"
93207,"CF.132"
93225,"CF.125"
93231,"CF.132"
93247,"CF.410"
93259,"CF.242"
93260,"CF.123"
93264,"CF.123"
93265,"CF.101"
93277,"CF.115"
93280,"CF.132"
93337,"CF.602"
93348,"CF.110"
93378,"CF.403"
93379,"CF.127"
93392,"CF.109"
93402,"CF.123"
93407,"CF.123"
93422,"CF.117"
93423,"CF.114"
93440,"CF.106"
93446,"CF.132"
93449,"CF.123"
93602,"CF.402"
93621,"CF.111"
93636,"CF.123"
93638,"CF.109"
93645,"CF.603"
93659,"CF.413"
93674,"CF.123"
93678,"CF.128"
93708,"CF.402"
93730,"CF.219"
93906,"CF.115"
93919,"CF.111"
93993,"CF.604"
94013,"CF.115"
94030,"CF.101"
94037,"CF.110"
94041,"CF.105"
94088,"CF.410"
94094,"CF.410"
94117,"CF.410"
94119,"CF.261"
94133,"CF.123"
94188,"CF.123"
94193,"CF.604"
94200,"CF.111"
94212,"CF.410"
94227,"CF.410"
94280,"CF.604"
94287,"CF.242"
94332,"CF.134"
94373,"CF.123"
94394,"CF.133"
94408,"CF.602"
94419,"CF.123"
94499,"CF.410"
94568,"CF.410"
94589,"CF.111"
94645,"CF.245"
94658,"CF.129"
94663,"CF.245"
94771,"CF.117"
94795,"CF.604"
94807,"CF.111"
94821,"CF.111"
94887,"CF.131"
94911,"CF.123"
94919,"CF.123"
94920,"CF.111"
94934,"CF.410"
94942,"CF.410"
94954,"CF.125"
94956,"CF.111"
94979,"CF.119"
94985,"CF.132"
95021,"CF.221"
95022,"CF.109"
95027,"CF.105"
95042,"CF.221"
95045,"CF.221"
95064,"CF.117"
95106,"CF.102"
95110,"CF.219"
95133,"CF.221"
95134,"CF.206"
95163,"CF.219"
95164,"CF.132"
95220,"CF.202"
95221,"CF.111"
95243,"CF.103"
95319,"CF.117"
95336,"CF.138"
95348,"CF.111"
95364,"CF.402"
95375,"CF.410"
95432,"CF.602"
95441,"CF.212"
95446,"CF.402"
95454,"CF.245"
95461,"CF.261"
95498,"CF.402"
95526,"CF.602"
95551,"CF.211"
95563,"CF.101"
95578,"CF.117"
95598,"CF.222"
95681,"CF.604"
95754,"CF.119"
95763,"CF.410"
95778,"CF.124"
95810,"CF.402"
95876,"CF.410"
95885,"CF.133"
95904,"CF.242"
95912,"CF.123"
95916,"CF.111"
95981,"CF.402"
96064,"CF.604"
96066,"CF.602"
96134,"CF.132"
96135,"CF.106"
96158,"CF.119"
96173,"CF.601"
96212,"CF.125"
96225,"CF.132"
96249,"CF.218"
96263,"CF.402"
96270,"CF.219"
96289,"CF.115"
96297,"CF.124"
96360,"CF.127"
96434,"CF.221"
96435,"CF.222"
96450,"CF.410"
96473,"CF.123"
96478,"CF.135"
96492,"CF.124"
96505,"CF.258"
96540,"CF.242"
96544,"CF.138"
96555,"CF.101"
96563,"CF.410"
96569,"CF.404"
96583,"CF.410"
96619,"CF.410"
96650,"CF.404"
96662,"CF.117"
96687,"CF.111"
96700,"CF.115"
96711,"CF.222"
96718,"CF.123"
96739,"CF.111"
96752,"CF.245"
96764,"CF.132"
96768,"CF.129"
96769,"CF.604"
96770,"CF.105"
96772,"CF.123"
96780,"CF.402"
96791,"CF.109"
96815,"CF.107"
96820,"CF.111"
96855,"CF.115"
96862,"CF.221"
96881,"CF.134"
96896,"CF.101"
96911,"CF.111"
96952,"CF.245"
96965,"CF.410"
96970,"CF.115"
96981,"CF.410"
96996,"CF.410"
97007,"CF.418"
97015,"CF.403"
97017,"CF.132"
97022,"CF.111"
97025,"CF.115"
97039,"CF.410"
97040,"CF.410"
97052,"CF.123"
97149,"CF.115"
97186,"CF.126"
97194,"CF.132"
97196,"CF.134"
97204,"CF.123"
97206,"CF.402"
97215,"CF.404"
97230,"CF.404"
97245,"CF.410"
97285,"CF.410"
97299,"CF.245"
97310,"CF.117"
97312,"CF.123"
97320,"CF.602"
97348,"CF.123"
97370,"CF.111"
97387,"CF.221"
97407,"CF.604"
97416,"CF.123"
97443,"CF.133"
97444,"CF.221"
97457,"CF.102"
97458,"CF.109"
97461,"CF.402"
97465,"CF.123"
97480,"CF.124"
97495,"CF.111"
97500,"CF.111"
97510,"CF.221"
97514,"CF.123"
97568,"CF.123"
97570,"CF.604"
97613,"CF.212"
97623,"CF.129"
97632,"CF.132"
97634,"CF.126"
97656,"CF.123"
97675,"CF.221"
97690,"CF.129"
97691,"CF.124"
97700,"CF.109"
97706,"CF.204"
97707,"CF.413"
97743,"CF.123"
97757,"CF.410"
97773,"CF.111"
97794,"CF.134"
97796,"CF.103"
97797,"CF.402"
97829,"CF.410"
97900,"CF.266"
97939,"CF.604"
97954,"CF.113"
97972,"CF.108"
97991,"CF.111"
98012,"CF.221"
98034,"CF.603"
98051,"CF.252"
98079,"CF.101"
98086,"CF.105"
98089,"CF.603"
98091,"CF.402"
98094,"CF.103"
98107,"CF.123"
98144,"CF.118"
98242,"CF.111"
98249,"CF.213"
98332,"CF.402"
98359,"CF.111"
98371,"CF.219"
98417,"CF.242"
98452,"CF.402"
98459,"CF.101"
98466,"CF.123"
98467,"CF.125"
98470,"CF.111"
98476,"CF.604"
98507,"CF.105"
98518,"CF.123"
98577,"CF.413"
98585,"CF.123"
98594,"CF.402"
98598,"CF.132"
98602,"CF.124"
98618,"CF.403"
98727,"CF.602"
98735,"CF.105"
98749,"CF.113"
98754,"CF.135"
98776,"CF.245"
98789,"CF.105"
98842,"CF.604"
98844,"CF.604"
98870,"CF.111"
98892,"CF.604"
98902,"CF.111"
98912,"CF.604"
98927,"CF.402"
98935,"CF.114"
98938,"CF.402"
98946,"CF.604"
98978,"CF.101"
98982,"CF.410"
98996,"CF.111"
99000,"CF.117"
99028,"CF.218"
99041,"CF.404"
99050,"CF.132"
99072,"CF.221"
99130,"CF.202"
99143,"CF.111"
99221,"CF.402"
99237,"CF.125"
99240,"CF.413"
99247,"CF.125"
99279,"CF.261"
99291,"CF.109"
99322,"CF.113"
99356,"CF.604"
99397,"CF.413"
99398,"CF.115"
99405,"CF.115"
99416,"CF.123"
99417,"CF.209"
99418,"CF.133"
99420,"CF.103"
99429,"CF.105"
99459,"CF.136"
99475,"CF.119"
99494,"CF.123"
99505,"CF.212"
99517,"CF.402"
99531,"CF.119"
99535,"CF.109"
99542,"CF.123"
99586,"CF.111"
99589,"CF.413"
99598,"CF.132"
99606,"CF.127"
99607,"CF.111"
99608,"CF.111"
99616,"CF.125"
99633,"CF.402"
99636,"CF.132"
99642,"CF.117"
99663,"CF.103"
99673,"CF.404"
99713,"CF.402"
99716,"CF.245"
99742,"CF.132"
99743,"CF.111"
99781,"CF.125"
99813,"CF.404"
99818,"CF.221"
99829,"CF.123"
99838,"CF.132"
99854,"CF.604"
99891,"CF.134"
99916,"CF.111"
99936,"CF.132"
99950,"CF.134"
99974,"CF.124"
99981,"CF.245"
99999,"CF.115"
100006,"CF.219"
100007,"CF.402"
100029,"CF.122"
100030,"CF.123"
100031,"CF.132"
100048,"CF.410"
100069,"CF.123"
